,benchmark_rets,returns
2012-10-11,-0.009362868234756738,0.0
2012-10-12,0.0009220839096357736,0.0
2012-10-15,-0.004260709350529579,0.0
2012-10-16,0.0012721174973979732,0.0
2012-10-17,0.001270501270501212,0.0
2012-10-18,0.015457376860076089,0.0
2012-10-19,-0.0017039645575371853,0.0
2012-10-22,0.0037551206190258313,0.0
2012-10-23,-0.01258360730075958,0.0
2012-10-24,-0.00172215843857626,0.0
2012-10-25,-0.007245543415756228,0.0
2012-10-26,-0.018883225208526366,0.0
2012-10-29,-0.005313496280552554,0.0
2012-10-30,0.0017806267806266263,0.0
2012-10-31,0.006635857329067463,0.0
2012-11-01,-0.009722063364977607,0.017976522593320166
2012-11-12,-0.02009702009702008,0.0
2012-11-13,-0.017562470532767605,0.0
2012-11-14,0.004919016196760717,0.0
2012-11-15,-0.013252148997134672,0.0
2012-11-16,-0.007259528130671544,0.0
2012-11-19,-0.0013406459475928667,0.0
2012-11-02,0.06065413717354162,0.0019299428804455676
2012-11-20,-0.06144287193648601,0.0
2012-11-21,0.013607944097094427,0.011645829042224554
2012-11-22,-0.007619738751814209,-0.005599057973766142
2012-11-23,0.006825106642291301,0.005118712672427694
2012-11-26,-0.008110398256869544,-0.006111173863813102
2012-11-27,-0.011227727605565008,-0.010760312401588035
2012-11-28,-0.010120957788200435,-0.002786985833849398
2012-11-29,-0.0059850374064838174,0.0
2012-11-30,0.011164074259909729,0.0
2012-11-05,0.07592110160029764,-0.0024077817193699502
2012-11-06,-0.004266113224950963,-0.0038617489996380927
2012-11-07,-0.002200092635479378,-0.0004845899898635597
2012-11-08,-0.018103748404317166,-0.006497914622523471
2012-11-09,-0.002127408107788553,0.0
2012-12-10,0.013146985668601285,0.008965810674156138
2012-12-11,-0.0056114098667290335,-0.002962046410725505
2012-12-12,0.003879614389842523,0.0007919285673896326
2012-12-13,-0.010774095327321653,0.0
2012-12-14,0.04995856517106656,0.0
2012-12-17,0.0046228436125832495,0.0
2012-12-18,0.0008978675645343603,0.0
2012-12-19,0.0012334604171337915,0.0
2012-12-20,0.005487736588643655,0.0
2012-12-21,-0.0054577856983738515,0.0
2012-12-24,0.00380781722477308,0.0
2012-12-25,0.028115586299230166,0.02985686546463251
2012-12-26,0.004015192620727026,0.0031424230523844354
2012-12-27,-0.005188067444876765,-0.0022375565452914525
2012-12-28,0.014232942199043919,0.014352476367302192
2012-12-03,-0.14879485806106052,0.0
2012-12-31,0.19519254971054623,0.015475903487667253
2012-12-04,-0.15436453616931656,0.009876246023329704
2012-12-05,0.03561200348648974,0.03465246153760537
2012-12-06,-0.001803534928459749,-0.0010149056142854107
2012-12-07,0.019152011563478677,0.019810765535729358
2013-01-10,0.09043040293040283,0.0
2013-01-11,-0.018580726432920525,0.0
2013-01-14,0.037865012300780876,0.0
2013-01-15,0.0069050809028134985,0.0
2013-01-16,-0.007164790174002067,0.0
2013-01-17,-0.009381443298969061,0.0
2013-01-18,0.016651056301384193,0.0
2013-01-21,0.005937148121609281,0.0
2013-01-22,-0.005291543706115731,0.0
2013-01-23,0.004092071611253134,0.0019705729166665797
2013-01-24,-0.00957717778909839,-0.0064976126471610884
2013-01-25,-0.004217673078901307,-0.00019960408803831875
2013-01-28,0.030888429752066182,0.0
2013-01-29,0.008818518889668114,0.0
2013-01-30,0.004768054037946001,0.0027529312526359817
2013-01-31,-0.0007909045971331574,0.0029442355065381065
2013-01-04,-0.0596616206589492,0.002612579990667774
2013-01-07,0.004419191919191823,0.001302886101175904
2013-01-08,-0.004085480829666865,-0.0039035723933115163
2013-01-09,0.0002103713053538403,-0.0019357476010855024
2013-10-10,-0.017562309391103148,-0.008816134230933415
2013-10-11,0.016056518946692355,0.016010189596223023
2013-10-14,0.001580278128950674,0.0
2013-10-15,-0.001998527400862482,-0.0008754390326749517
2013-10-16,-0.018760539629005035,-0.017086018905022704
2013-10-17,-0.0034371643394200957,-0.005348623264371799
2013-10-18,0.005281310627290425,0.0002527370888991687
2013-10-21,0.01854830063257218,0.0
2013-10-22,-0.010210526315789448,0.0
2013-10-23,-0.011166648941827173,0.0
2013-10-24,-0.007420950742094923,0.0
2013-10-25,-0.013219200346733184,0.0
2013-10-28,-0.0010980564401009696,0.0
2013-10-29,0.0025283060349565734,0.0
2013-10-30,0.014802631578947345,0.012239152464301961
2013-10-31,-0.0140464613722312,-0.009556004374283722
2013-10-08,0.028931506849315003,0.0237541798463623
2013-10-09,0.004686335072957792,0.0013241712453566645
2013-11-01,-0.028198876285381202,0.004134943988967521
2013-11-11,-0.028908039707646993,0.0
2013-11-12,0.010334756234553932,0.0
2013-11-13,-0.022237046920169035,0.0
2013-11-14,0.007163975437798564,0.0
2013-11-15,0.019984193293440145,0.0
2013-11-18,0.032986495461589715,0.0
2013-11-19,-0.00696528075439351,0.0
2013-11-20,0.005287579583468149,0.0
2013-11-21,-0.006118505796479212,0.0
2013-11-22,-0.004968139107894953,0.0
2013-11-25,-0.004016064257028162,0.0
2013-11-26,-0.000544899738448068,0.0
2013-11-27,0.011231054410642205,0.0
2013-11-28,0.010459348716842731,0.0
2013-11-29,-0.0003201365916124521,0.0
2013-11-04,-0.023270708795900874,-0.002745277756222242
2013-11-05,0.001420765027322357,-0.0038672744437071582
2013-11-06,-0.012659609298264818,0.0
2013-11-07,-0.005526693931689919,0.0
2013-11-08,-0.014004668222740935,0.0
2013-12-10,0.06211250140908575,0.0
2013-12-11,-0.016450859690087083,0.0
2013-12-12,-0.001294917449012556,0.0
2013-12-13,-0.0010804970286332205,0.0
2013-12-16,-0.016333153055705818,0.0
2013-12-17,-0.00483835495931384,0.0
2013-12-18,0.0003314917127070771,0.0
2013-12-19,-0.010493758974925438,0.0
2013-12-02,0.036950212100915314,0.0
2013-12-20,-0.0582409301324146,0.0
2013-12-23,0.0028577960676725578,0.0
2013-12-24,0.001481819218055458,0.0
2013-12-25,0.007398133394035833,0.003170919595570698
2013-12-26,-0.017286182352276525,-0.013918311987122234
2013-12-27,0.01690043688204179,0.01362804964114428
2013-12-03,0.06059920859242518,0.0
2013-12-30,-0.05884234090182283,0.000960344494776999
2013-12-31,0.013251783893985625,0.011513077416810846
2013-12-04,0.06259780907668233,0.0
2013-12-05,-0.002945508100147265,0.0
2013-12-06,-0.006435956952943633,0.0
2013-12-09,-0.0005309546564722378,0.0
2013-02-01,0.09604759881002978,0.019291035975601334
2013-02-18,-0.0024234199302056725,0.0
2013-02-19,-0.018851423573996606,0.0
2013-02-20,0.006338516391007243,0.0
2013-02-21,-0.0338549355378408,0.0
2013-02-22,-0.005398798003463323,0.0
2013-02-25,0.003072511265874711,0.0
2013-02-26,-0.014192362671023084,0.0
2013-02-27,0.010460901087519403,0.0
2013-02-28,0.030032800328003262,0.0
2013-02-04,0.02816200616976805,0.002679994694155363
2013-02-05,0.008614014711575857,0.0
2013-02-06,0.0014394012090970243,0.0
2013-02-07,-0.005845151399003434,0.0
2013-02-08,0.004337349397590229,0.0
2013-03-01,-0.03733205374280224,0.0
2013-03-11,-0.028611304954640704,0.0
2013-03-12,-0.01416256157635476,0.0
2013-03-13,-0.011034769935457045,0.0
2013-03-14,0.0026315789473685403,0.0
2013-03-15,0.002204724409448744,0.0
2013-03-18,-0.014665828619316978,0.0
2013-03-19,0.009036785030831496,0.00652177419354838
2013-03-20,0.03329470024233472,0.030713670868563803
2013-03-21,0.001937391659019072,0.0025911696565743547
2013-03-22,0.0012212497455730276,0.0025844728489496926
2013-03-25,-0.0019312868469201216,-0.0017185403783520625
2013-03-26,-0.014461757816478293,-0.01635423901444888
2013-03-27,0.0033068099617650226,0.0006761591465294092
2013-03-28,-0.03234112678957668,0.0
2013-03-29,-0.0014901543374135073,0.0
2013-03-04,0.020040507408591646,0.0
2013-03-05,0.029992684711046103,0.0
2013-03-06,0.010450487012986898,0.0
2013-03-07,-0.011446932422934042,0.0
2013-03-08,-0.0046724225495176075,0.0
2013-04-01,-0.043269721400142847,0.0
2013-04-10,-0.002346666666666608,0.0
2013-04-11,-0.0029936918635732335,-0.00451351812218137
2013-04-12,-0.0062198391420912325,-0.0031737876335270476
2013-04-15,-0.010251429804683188,-0.010006519702428052
2013-04-16,0.009158307893589068,-0.005251206188682467
2013-04-17,-0.0004321521175453258,0.0
2013-04-18,0.00248594898400345,0.0
2013-04-19,0.027816711590296528,0.025651871657754066
2013-04-02,-0.01898667785586905,0.0
2013-04-22,0.018071000855431896,-0.003041411687745521
2013-04-23,-0.03192941917865766,-0.029635275181834175
2013-04-24,0.018661169577953718,0.016617541620653986
2013-04-25,-0.011076791990627277,-0.004611844654806907
2013-04-26,-0.008292945611200864,0.0
2013-04-03,0.01476976542137276,0.0
2013-04-08,-0.0042808219178082085,0.008039633867276796
2013-04-09,0.006771281169389409,0.005902205181899989
2013-05-10,0.020711006725739223,-0.00465573692746335
2013-05-13,-0.0039744796569395335,0.0
2013-05-14,-0.014701249606216549,0.0
2013-05-15,0.005435361824576379,0.0
2013-05-16,0.018655925376298343,0.0
2013-05-17,0.01540062434963585,0.0
2013-05-02,-0.055544168887067036,0.0
2013-05-20,0.06618923611111116,0.002828287197231827
2013-05-21,0.0020354162426217126,0.0
2013-05-22,0.0013203331302051868,0.001293918282159634
2013-05-23,-0.013084491327720937,-0.006228712935686054
2013-05-24,0.005652620760534521,0.0
2013-05-27,0.0008175779253958293,0.0
2013-05-28,0.017155110793424022,0.0
2013-05-29,-0.0007027406886859211,0.0
2013-05-03,-0.057665260196905765,0.0
2013-05-30,0.057889125799573504,0.0
2013-05-31,-0.010279149450770908,0.0
2013-05-06,-0.032379594745952534,0.0
2013-05-07,0.001683678838261482,0.0029340196956133546
2013-05-08,0.005147599537766556,0.0062484529499973185
2013-05-09,-0.005852842809364489,-0.004879012466586619
2013-06-13,-0.04383936080740125,0.0
2013-06-14,0.0071467839472239,0.003981049698095651
2013-06-17,-0.005240174672489162,-0.006014143785779469
2013-06-18,0.006694468832308953,0.0065159581399953925
2013-06-19,-0.006976997710672617,-0.00601136277039116
2013-06-20,-0.03260511581951919,-0.03116900710243986
2013-06-21,-0.0011348161597821704,-0.0165218841017295
2013-06-24,-0.06271301976823451,0.0
2013-06-25,-0.0023030303030301402,0.0
2013-06-26,0.002429838415745289,0.0
2013-06-27,-0.002666343473518351,0.0
2013-06-28,0.0192003888686354,0.009949162861491834
2013-06-03,0.1707404316203649,0.0
2013-06-04,-0.01395254099195442,0.0
2013-06-05,-0.0015492666804378663,0.0
2013-06-06,-0.012309920347574277,0.0
2013-06-07,-0.016024298282362737,0.0
2013-07-01,-0.10186269292176686,0.0040188689918034814
2013-07-10,0.007940270206210132,-0.00019800166084982251
2013-07-11,0.04750146972369196,0.0
2013-07-12,-0.021775732405432624,0.0
2013-07-15,0.013769363166953319,0.007516104146576774
2013-07-16,0.004527447651386574,0.006221320907026762
2013-07-17,-0.01464788732394351,-0.003527081191925241
2013-07-18,-0.016123499142367104,0.0
2013-07-19,-0.024174802417480268,0.0
2013-07-02,0.008932825154835511,0.003002086750500066
2013-07-22,-0.0025970959745011957,0.0
2013-07-23,0.028760800094685735,0.0
2013-07-24,-0.006902899217671399,0.0
2013-07-25,-0.0047497683039852134,0.0
2013-07-26,-0.00593644511698288,0.0
2013-07-29,-0.021428571428571463,0.0
2013-07-03,0.006461648917075458,-0.0024942510008680863
2013-07-30,-0.0003566757817143884,0.0
2013-07-31,0.0017840152235966134,0.0
2013-07-04,0.007123352724682341,0.007501463535535713
2013-07-05,0.002593422138394308,0.0034746182610645437
2013-07-08,-0.02716049382716046,-0.026711386143854154
2013-07-09,-0.00024172105390374288,-0.0025411542471479587
2013-08-01,0.04243230174081236,0.0
2013-08-12,0.04824307085701052,0.0
2013-08-13,0.002655160969133652,0.0
2013-08-14,-0.004192872117400492,0.0
2013-08-15,-0.011523545706371152,0.0
2013-08-16,-0.007398273736128336,0.0
2013-08-19,0.011970638057594574,0.0
2013-08-02,-0.03682624707063942,0.0
2013-08-20,0.029892248870351024,0.0
2013-08-21,-0.001687478906513773,0.0
2013-08-22,-0.0018030200585981149,0.0
2013-08-23,-0.00733799954843084,0.0
2013-08-26,0.021039463209371112,0.0
2013-08-27,0.0022276676319892275,0.0
2013-08-28,-0.005334518781951569,0.002178031383737622
2013-08-29,-0.004357541899441375,-0.002846866482531407
2013-08-30,-0.002019975311412847,-0.0014274971350132226
2013-08-05,-0.01608006297087594,0.011464139941691043
2013-08-06,0.006628571428571428,0.006245216404435094
2013-08-07,-0.00556312443233431,-0.0066838754179093796
2013-08-08,-0.0012558511245576165,0.0002828039618700817
2013-08-09,0.00411522633744843,0.0
2013-09-10,0.08333333333333348,0.0
2013-09-11,0.00304749894913825,0.0
2013-09-12,0.00984808800419068,0.0
2013-09-13,-0.007469654528478031,0.0
2013-09-16,-0.004285564962893229,0.0
2013-09-17,-0.02005038841066553,0.0
2013-09-18,0.002142474558114671,0.0
2013-09-02,-0.04671298770710841,0.0017061057084111209
2013-09-23,0.06604619869925976,0.0
2013-09-24,-0.011465236141790291,0.0
2013-09-25,-0.006065120238348487,0.0
2013-09-26,-0.01830639117867472,0.0
2013-09-27,0.004362050163576825,0.0
2013-09-03,-0.017589576547231256,0.0
2013-09-30,0.023872679045092715,0.0
2013-09-04,-0.024827288428324712,0.0007409219190968042
2013-09-05,-0.0038742528226698436,-0.004230167751532177
2013-09-06,0.006889654406045054,0.006136199460845093
2013-09-09,0.03487473788765039,0.004490575795778051
2014-01-10,-0.09757918310760372,0.0
2014-01-13,-0.005199716379106545,0.0
2014-01-14,0.008790686623901145,0.0
2014-01-15,-0.0017663683466792035,0.0
2014-01-16,0.0012976288781407774,0.002306766917293146
2014-01-17,-0.015080113100848336,-0.014502886074328813
2014-01-02,0.06638755980861233,-0.003794011721599211
2014-01-20,-0.06763881099270885,-0.005074591419272023
2014-01-21,0.00998556304138587,0.0028601419359972624
2014-01-22,0.025729600952948184,0.0
2014-01-23,-0.0052258738822436035,0.0
2014-01-24,0.006070511323838401,0.008681894425259129
2014-01-27,-0.013228127175678783,-0.012716434945506783
2014-01-28,0.0016462841015991714,0.0009907865765461654
2014-01-29,0.0036393519605542046,0.0022757617026480936
2014-01-03,0.02877529535618195,-0.010949325569150625
2014-01-30,-0.03899943149516771,0.0
2014-01-06,0.01668244202555602,-0.023585064589384253
2014-01-07,-0.000349121377865691,-0.007099329286507805
2014-01-08,0.0018626309662399532,0.0
2014-01-09,-0.008831048105972683,0.0
2014-10-10,0.1303634232121922,-0.004390679500681505
2014-10-13,-0.004770794440987269,-0.00573305535952906
2014-10-14,-0.003647353063776615,-0.001086867908734801
2014-10-15,0.006903043614684634,0.0
2014-10-16,-0.007790588968526024,0.0
2014-10-17,-0.0010469011725293687,0.0
2014-10-20,0.005239991616013517,0.0
2014-10-21,-0.008757297748123505,0.0
2014-10-22,-0.00599495161968866,0.0
2014-10-23,-0.009311184001692951,0.0
2014-10-24,-0.002242870874719638,0.0
2014-10-27,-0.008991650610147839,0.0
2014-10-28,0.019982717649600357,0.0
2014-10-29,0.014084507042253502,0.010024266666666781
2014-10-30,0.00689223057644095,0.006160468047720302
2014-10-31,0.015453225471893761,0.01968026479665097
2014-10-08,-0.01031559595546927,0.011098523905199498
2014-10-09,0.001341589267285892,0.0
2014-11-10,0.03122745542615668,0.0
2014-11-11,-0.002798321007395521,0.0
2014-11-12,0.013830426939266394,0.0
2014-11-13,-0.005733491498616128,0.0
2014-11-14,0.0004971167230065632,0.0
2014-11-17,-0.0054655669283514285,0.0
2014-11-18,-0.009992006394883957,0.0
2014-11-19,-0.0017157852240613503,0.0
2014-11-20,0.0,0.0
2014-11-21,0.018400566171266952,0.0
2014-11-24,0.025414474337337234,0.0
2014-11-25,0.013457256268757822,0.011557519254154824
2014-11-26,0.013278563240351593,0.01081942129399982
2014-11-27,0.01103045158857352,0.00911789373166183
2014-11-28,0.018649757553151902,-0.003339916945601984
2014-11-03,-0.10225192237275726,-0.0017155935357464625
2014-11-04,0.00020393596410728243,-0.0008592709275220267
2014-11-05,-0.003975940462840222,0.0023814534391066733
2014-11-06,0.0010235414534287557,0.0
2014-11-07,-0.0016359918200408163,0.0
2014-12-01,0.12238836542400655,0.0
2014-12-10,0.14061501961857825,0.0
2014-12-11,-0.01088,0.0
2014-12-12,0.003558718861209842,0.0
2014-12-15,0.0067698259187622956,0.0
2014-12-16,0.026256804354787056,0.0
2014-12-17,0.017628705148205803,0.0
2014-12-18,-0.003602636823547445,0.0
2014-12-19,0.011462420186168165,0.013651400966183669
2014-12-02,-0.1362944934590813,0.0
2014-12-22,0.16176470588235303,-0.006989923961065347
2014-12-23,-0.021071780489653524,-0.01983753951029965
2014-12-24,-0.028493999225706723,-0.00019723263226645305
2014-12-25,0.032677133976249495,0.0
2014-12-26,0.03264644593655941,0.0
2014-12-29,0.0030642750373692795,0.0
2014-12-03,-0.14127114223977344,0.0
2014-12-30,0.1653796095444684,0.0
2014-12-31,0.021740749013476446,0.0
2014-12-04,-0.12205785906871669,0.0
2014-12-05,0.005893094289508571,0.0
2014-12-08,0.04043237890915097,0.0
2014-12-09,-0.04449202950273601,0.0
2014-02-10,-0.27788844621513953,0.0
2014-02-11,0.007931034482758559,0.0
2014-02-12,0.002508837951875842,0.0012530750605326268
2014-02-13,-0.00511887157319979,-0.0024182772231753358
2014-02-14,0.006974616967756697,0.0033937952501994495
2014-02-17,0.007039854661065048,0.009462078338698943
2014-02-18,-0.012628255722178405,0.0
2014-02-19,0.011419435879867601,0.0
2014-02-20,-0.009145308795303175,0.0
2014-02-21,-0.010027347310847756,0.0
2014-02-24,-0.02198434622467771,0.0
2014-02-25,-0.0255384253265859,0.0
2014-02-26,0.002536231884058049,0.0
2014-02-27,-0.004336826888326595,0.0
2014-02-28,0.011252268602540694,0.010500050942435113
2014-02-07,0.015673606125867323,0.0
2014-03-10,-0.05218518082224055,-0.030923472213181702
2014-03-11,0.005219985085756829,0.004708069358859257
2014-03-12,0.0025964391691395416,-0.0043623604064455535
2014-03-13,0.012455296584042319,0.0
2014-03-14,-0.008282582216808665,0.0
2014-03-17,0.009457135838860209,0.0
2014-03-18,-0.002190047451028021,0.0
2014-03-19,-0.008169735398122269,0.0
2014-03-20,-0.01598229653307104,0.0
2014-03-21,0.03435782108945529,0.0
2014-03-24,0.007971977291943544,0.0
2014-03-25,-0.0009586578789694267,0.001332482124616785
2014-03-26,-0.0015593139018831303,0.0
2014-03-27,-0.007087938491110113,-0.00663059284130596
2014-03-28,-0.0016938898971567973,-0.00019973208174728363
2014-03-03,0.01842200945339978,0.003528916648803504
2014-03-31,-0.020706890396287148,0.0
2014-03-04,0.018106695831814346,-0.0020094326788812067
2014-03-05,-0.009190737646216363,-0.00906065382886112
2014-03-06,0.004336826888326817,0.005079722175771018
2014-03-07,-0.0023989444644356706,-0.003032429406559567
2014-04-01,-0.0028856558855355763,0.0
2014-04-10,0.050765706017122714,0.013962988281249977
2014-04-11,-0.001262336470048142,-0.0004815572714618188
2014-04-14,-0.0009192232563483005,-0.00019724453147496046
2014-04-15,-0.017136285221391656,0.0
2014-04-16,0.0012871518839223661,0.0
2014-04-17,-0.0035059016010283717,0.0
2014-04-18,-0.00011727453969745394,0.0
2014-04-02,-0.01935256861365242,0.0
2014-04-21,0.0026312642028467614,0.0
2014-04-22,0.004294405344148711,0.0
2014-04-23,-0.0009502316189571314,0.0
2014-04-24,-0.0016644869813339236,0.0
2014-04-25,-0.010360843158270905,0.0
2014-04-28,-0.015162454873646092,0.0
2014-04-29,0.010874877810361783,0.0
2014-04-03,0.0032636286715821416,0.0
2014-04-30,-0.0030120481927710108,0.0
2014-04-04,0.012447129909365584,0.0
2014-04-08,0.023633325375984837,0.0
2014-04-09,0.0005830223880596286,0.0
2014-05-12,-0.025288427922153578,0.0
2014-05-13,-0.002391200382592107,0.0
2014-05-14,-0.0009587727708533222,0.0
2014-05-15,-0.012955854126679545,0.0
2014-05-16,0.000972289742343202,0.0
2014-05-19,-0.014205925206410952,0.0
2014-05-20,0.00024633575563504095,0.0
2014-05-21,0.009604728481714009,0.0
2014-05-22,-0.0020734235882423624,0.0
2014-05-23,0.008555365436323736,0.009075425038640006
2014-05-26,0.003635482307319471,0.00306338855499666
2014-05-27,-0.0038638010142478807,-0.0030540328656692983
2014-05-28,0.01030303030303048,0.010211295183321978
2014-05-29,-0.006478704259148205,-0.0060648471653461655
2014-05-30,0.0006037918125831876,-0.001016975662856967
2014-05-05,-0.002413709872073344,0.003401543209876401
2014-05-06,0.0004839099927413937,-0.0015379783766391597
2014-05-07,-0.009310761789600885,-0.0066748387230601836
2014-05-08,0.00012205541315757351,-0.001232908335239813
2014-05-09,-0.0008542836221625549,0.0
2014-06-10,0.015512397703676628,0.0
2014-06-11,-0.00024055809477985246,0.0
2014-06-12,-0.0031280076997113326,0.0008263724987174204
2014-06-13,0.01086169442433027,0.011278519659433828
2014-06-16,0.007402101241642756,0.006590251517456069
2014-06-17,-0.00924389665797587,-0.008561598130066295
2014-06-18,-0.00382775119617218,-0.004571752280516983
2014-06-19,-0.015129682997118143,0.0003103677842934971
2014-06-20,0.005608388198000469,0.0
2014-06-23,-0.0007274490785643684,0.0
2014-06-24,0.006430478039310739,0.0
2014-06-25,-0.004460518384569068,0.0
2014-06-26,0.007628965851295577,0.003894984646878319
2014-06-27,0.001201778632375916,0.001529355364479068
2014-06-03,-0.008162285439923034,0.0013285042965660576
2014-06-30,0.015248699019726475,0.006617086702363606
2014-06-04,-0.024913577303611878,0.0
2014-06-05,0.010757946210268932,0.0
2014-06-06,-0.006531204644412147,0.0
2014-06-09,-0.00036523009495981196,0.0
2014-07-01,0.021800024357569114,0.0005056606689244347
2014-07-10,-0.007151370679380209,0.0
2014-07-11,0.00552220888355337,0.0
2014-07-14,0.01158070678127987,0.0
2014-07-15,0.0015342853770801135,0.0
2014-07-16,-0.0015319349516851322,0.0
2014-07-17,-0.005310987843738957,0.0
2014-07-18,0.004864736592311347,0.0
2014-07-02,-0.006258117841539734,0.004548645948965646
2014-07-21,0.007366920152091172,0.0
2014-07-22,0.012149091766926023,0.0
2014-07-23,0.0023307306840694153,0.001286917740336735
2014-07-24,0.01778862922915936,0.021280839276708985
2014-07-25,0.010623714873200907,0.01163017779149711
2014-07-28,0.027806035944387908,0.02682510082166245
2014-07-29,0.0032992411745298433,0.0023325279891694972
2014-07-03,-0.07278307574262854,0.003521816242898268
2014-07-30,0.0747133230878354,-0.0032579399487201455
2014-07-31,0.012099879001209901,-0.0001997574707098826
2014-07-04,-0.08096945984132164,0.0
2014-07-07,-0.0010643330179753718,-0.0012017382037640134
2014-07-08,0.0018941636083817937,0.0
2014-07-09,-0.014179369018078702,0.0
2014-08-01,0.09325182787965947,0.0
2014-08-11,0.015239557066111242,0.0
2014-08-12,-0.003455723542116762,0.0
2014-08-13,0.0007585609016038664,0.0002602853198341304
2014-08-14,-0.009637249593936081,-0.012421985331383611
2014-08-15,0.010605729280559917,0.012578231944087692
2014-08-18,0.005734069025208344,0.003680588246335992
2014-08-19,0.000215146299483715,0.0009167727983974139
2014-08-20,-0.003656700365670007,-0.004121698931325857
2014-08-21,-0.004965457685665031,-0.0036788956838093023
2014-08-22,0.0045563028856585586,-0.0006614154678721285
2014-08-25,-0.00950323974082079,0.0
2014-08-26,-0.007959005669428643,0.0
2014-08-27,0.0015386306187492593,0.0
2014-08-28,-0.006913200921760065,0.0
2014-08-29,0.011602209944751252,0.0
2014-08-04,0.015729109776078554,0.0
2014-08-05,-0.002688461124852104,0.0
2014-08-06,-0.0025878800948888614,0.0
2014-08-07,-0.015027027027027073,0.0
2014-08-08,0.0018658764131269656,0.0
2014-09-01,0.010188431200701231,0.004421996303142439
2014-09-10,0.032209087951415194,0.0
2014-09-11,-0.003677243118302087,0.0
2014-09-12,0.006327111673521069,0.0
2014-09-15,-0.0005239442523315985,0.0
2014-09-16,-0.019710631159572167,0.0
2014-09-17,0.005133689839572186,0.0
2014-09-18,0.003085762928282554,0.0
2014-09-19,0.006789010289593778,0.0
2014-09-02,-0.015804446317564058,0.015182401370059884
2014-09-22,-0.0033187024943795995,0.0
2014-09-23,0.00859291084854985,0.0
2014-09-24,0.017465388711395136,0.0
2014-09-25,-0.002093364036005907,0.0
2014-09-26,0.00010488777008599293,0.0002461195361282975
2014-09-29,0.004090194022024152,0.004459205802960664
2014-09-03,-0.015249634426572012,0.0095170366739461
2014-09-30,0.016652524395417867,0.0
2014-09-04,-0.009389671361502372,0.00942731655654061
2014-09-05,0.009373354397051115,0.009339272280346034
2014-09-09,-0.001773789649415769,0.0002413673925432125
2015-01-12,0.4233301975540922,0.0
2015-01-13,0.0,0.0
2015-01-14,-0.0035250055078210885,0.0
2015-01-15,0.028520893212469645,0.0
2015-01-16,0.008311837202636951,0.0
2015-01-19,-0.07689027856736785,0.0
2015-01-20,0.01254811393379529,0.0
2015-01-21,0.044704630122405664,0.0
2015-01-22,0.005239793319263386,0.0
2015-01-23,0.001303120249040779,0.0
2015-01-26,0.009616079820692791,0.003759378806333702
2015-01-27,-0.009166427957605361,-0.010011085608797377
2015-01-28,-0.01380456779416006,-0.007552187696443502
2015-01-29,-0.012312202271894557,0.0
2015-01-30,-0.012985085701565535,0.0
2015-01-05,0.06307322207186883,0.0
2015-01-06,-0.000636447210239699,0.0
2015-01-07,-0.0004245683555051949,0.00463334340078525
2015-01-08,-0.023361177969701385,-0.02164540556725847
2015-01-09,-0.003769208466221974,-0.003271261370581424
2015-10-12,-0.011641443538998875,0.04118259295437987
2015-10-13,-0.0008097762073028258,-0.00705220477370494
2015-10-14,-0.011125027628379747,-0.01080783502574767
2015-10-15,0.023543436149604968,-0.00269408227792578
2015-10-16,0.013466297859950682,0.0
2015-10-19,7.182360123536569e-05,0.0
2015-10-20,0.012352772191898787,0.013344688534456806
2015-10-21,-0.02894438138478994,-0.029696992086701846
2015-10-22,0.014684395090590385,-0.007847229083043694
2015-10-23,0.013247894016847894,0.0
2015-10-26,0.004974063810132767,0.0
2015-10-27,0.0010605953475217866,0.0025040552718536002
2015-10-28,-0.018858595846870996,-0.017379131139327875
2015-10-29,0.002375638902886834,0.0012197591219684778
2015-10-30,0.00035909221488084064,-0.002026536425148051
2015-10-08,-0.06741331035968134,0.0
2015-10-09,0.013163972286374115,0.014375453367875712
2015-11-10,0.14687333789225754,-0.0027440023106694023
2015-11-11,0.00013250298131706195,-0.000470515490718304
2015-11-12,-0.009870164281929106,0.0
2015-11-13,-0.012778483976717658,0.0
2015-11-16,0.005285985361886736,0.0
2015-11-17,-0.001617904813266846,0.0
2015-11-18,-0.011208642808912983,0.0
2015-11-19,0.01584266593826822,0.0
2015-11-02,-0.07898628663619245,0.0
2015-11-20,0.08554120137216259,0.0
2015-11-23,-0.005580582263161382,0.0
2015-11-24,0.000135226504394792,0.0038226371732261732
2015-11-25,0.007301243915629918,0.006009776016792534
2015-11-26,-0.00583892617449655,-0.004835993537519623
2015-11-27,-0.05319651657328017,-0.05374028680047649
2015-11-03,-0.02602495543672012,0.0
2015-11-30,0.029502196193265107,0.0003020868218068795
2015-11-04,0.01671051695939685,0.0
2015-11-05,0.020981955518254214,0.0
2015-11-06,0.02335936429647889,0.023634553191489216
2015-11-09,0.012249815918066842,0.009976964850986647
2015-12-01,-0.06368205263853988,-0.0017088722620854924
2015-12-10,0.00861642771382165,0.0
2015-12-11,-0.004271409565156481,0.0
2015-12-14,0.028340365682137936,0.0
2015-12-15,-0.0045818231553032,0.0
2015-12-16,-0.0024045067326189384,0.0
2015-12-17,0.018869223882652664,0.012733620689655334
2015-12-18,0.003244339303818844,0.0036886621591214475
2015-12-02,-0.012059556693390872,0.0
2015-12-21,0.03825695581014732,0.025725741544500025
2015-12-22,0.002627257799671545,0.0013780509013416875
2015-12-23,-0.0026203734032099746,-0.0013761544904057343
2015-12-24,-0.00939244663382588,-0.001575332668377949
2015-12-25,0.002254342925341435,0.0
2015-12-28,-0.02851283408309091,0.0
2015-12-29,0.008920667347633637,0.0
2015-12-03,-0.002969762419006483,0.004407889432767043
2015-12-30,0.00399404278364468,0.0
2015-12-31,-0.009035129121434893,0.0
2015-12-04,-0.013948424848608587,-0.01863367249101755
2015-12-07,0.0026221363510903206,0.0014605753042538083
2015-12-08,-0.017412250516173455,-0.0066149820935024195
2015-12-09,0.0035721790292078115,0.0
2015-02-10,-0.0790759352317143,0.0
2015-02-11,0.008033345964380656,0.0049193857965452725
2015-02-12,0.0025561987820463816,0.004138311276134177
2015-02-13,0.007724034495688148,0.006340394207669631
2015-02-16,0.008706652775710477,0.00850560330244221
2015-02-17,0.0064920693471044455,0.008746233653133206
2015-02-02,-0.047276991863959505,0.0
2015-02-25,0.03662101861824896,-0.015173200535830711
2015-02-26,0.02501113255158094,0.029556235139345022
2015-02-27,0.001810151328651033,-0.0021378106009752873
2015-02-03,-0.03751084128360782,0.0
2015-02-04,-0.010512878275887982,0.0
2015-02-05,-0.010321013887834907,0.0
2015-02-06,-0.016103059581320522,0.0
2015-02-09,0.010053776011222926,0.0
2015-03-10,0.051774691358024594,0.0
2015-03-11,0.0010270706477881753,0.0007344752413578348
2015-03-12,0.01905459875412241,0.018360852620734835
2015-03-13,0.0069039913700106315,0.005500619980989718
2015-03-16,0.0241411327762302,0.024617379067277456
2015-03-17,0.013599274705349051,0.012754502754735109
2015-03-18,0.0231182055868997,0.02665215227551987
2015-03-19,-0.0015467383994621775,-0.004763393095553403
2015-03-02,-0.0607530140769178,0.007957450897937424
2015-03-20,0.07888131946934385,0.0
2015-03-23,0.020206048521103304,0.0
2015-03-24,0.0004560557691055678,0.0
2015-03-25,-0.007944777285751492,0.0
2015-03-26,0.0023631350925559236,0.0
2015-03-27,0.005370006548788497,0.0
2015-03-03,-0.11516414799374664,-0.027327564585662545
2015-03-30,0.16269140164899865,0.0
2015-03-31,-0.009307331898189108,0.0
2015-03-04,-0.12622227903112415,0.00842860255642619
2015-03-05,-0.00972791105909876,-0.006079536202883817
2015-03-06,-0.005170248910554731,0.0
2015-03-09,0.017076249164748702,0.0
2015-04-01,0.16263960873056438,0.0
2015-04-10,0.05387078545865509,0.02339797774620922
2015-04-13,0.017694369973190183,0.005578478603596615
2015-04-14,0.004097880810209675,0.0
2015-04-15,-0.012360074626865725,0.0
2015-04-16,0.02998819362455718,0.0
2015-04-17,0.018168271435121452,0.0
2015-04-02,-0.10312412046158181,0.0
2015-04-20,0.09721960710475108,0.0
2015-04-21,0.021279029859283982,0.0
2015-04-22,0.02582054441581705,0.0
2015-04-23,0.0003822003822004927,0.0
2015-04-24,-0.007641087217552633,0.0035355742296920845
2015-04-27,0.02216477835221653,0.0207017839634398
2015-04-28,-0.013021253699219804,-0.003616925816331107
2015-04-29,0.006432971705827795,0.0
2015-04-03,-0.12734954769514117,0.0
2015-04-30,0.14084419615145882,0.0
2015-04-07,-0.10490233418575556,0.0
2015-04-08,0.008570907543614448,0.005446497305619635
2015-04-09,-0.007232401157184154,-0.007401310542401229
2015-05-11,0.1011413307430793,0.0
2015-05-12,0.011743301356268443,0.011373709789400444
2015-05-13,-0.005885237861696813,-0.009153012698111751
2015-05-14,-0.003508194924080499,-0.002309391060226873
2015-05-15,-0.01732768579129773,-0.01805494620112147
2015-05-18,-0.00962830273175097,-0.003497239533822416
2015-05-19,0.033744065114175825,0.0
2015-05-20,0.005850511236262124,0.0
2015-05-21,0.017503805175038023,0.017474580879021095
2015-05-22,0.02270541724543218,0.021152792453610125
2015-05-25,0.029357989865747225,0.030962906263856782
2015-05-26,0.01923369703121036,0.014593498727446974
2015-05-27,-0.003087034455287685,0.0
2015-05-28,-0.06662671061831993,-0.001447281175955717
2015-05-29,0.0010702054794520244,0.0
2015-05-04,-0.01004917682274964,0.0
2015-05-05,-0.03984881209503244,0.0
2015-05-06,-0.009279046226521204,0.0
2015-05-07,-0.01816427314525748,0.0
2015-05-08,0.0196565878476036,0.0
2015-06-01,0.11175369960877712,0.0
2015-06-10,0.04528763769889821,0.0
2015-06-11,-0.0008782201405150847,0.0
2015-06-12,0.004883289383728728,0.0
2015-06-15,-0.020264359996112424,0.0
2015-06-16,-0.028619612122414484,0.0
2015-06-17,0.014348447712418277,0.0
2015-06-18,-0.03956707777498114,0.0
2015-06-19,-0.057340531474395884,0.0
2015-06-02,0.10820127884348074,0.0
2015-06-23,-0.06828558526917872,0.0
2015-06-24,0.01938610662358653,0.0
2015-06-25,-0.03491811938721612,0.0
2015-06-26,-0.07668728447096163,0.0
2015-06-29,-0.032843253497747305,0.0
2015-06-03,0.21864656123574844,0.0
2015-06-30,-0.12489311402846937,0.0
2015-06-04,0.15076445568456154,0.010595809523809452
2015-06-05,0.009739773238099936,0.0016753697939035916
2015-06-08,0.022754254056193357,0.002728501380244719
2015-06-09,-0.006771135616173485,0.0
2015-07-01,-0.193854694195559,0.0
2015-07-10,-0.029658713379643542,0.0
2015-07-13,0.025336155378486103,0.01970576376324651
2015-07-14,-0.02337441563960896,-0.018503302814205536
2015-07-15,-0.0348128807658834,-0.04932543465263117
2015-07-16,0.007857786938039402,0.022546740751816063
2015-07-17,0.039174335378323155,0.008037794385992614
2015-07-02,-0.016235163889059878,0.0
2015-07-20,0.018941051447146418,0.0
2015-07-21,0.001779141104294446,0.018759906517787694
2015-07-22,-0.0017147406454772751,-0.004588039429814672
2015-07-23,0.02239126433961114,0.026630855677048038
2015-07-24,-0.017280691227649192,-0.020702155249003984
2015-07-27,-0.08468677494199528,-0.09652990527028837
2015-07-28,-0.0019344940297513213,-0.021053017942603724
2015-07-29,0.031212404758722112,0.0
2015-07-03,-0.016332879642232068,0.0
2015-07-30,-0.012914278184094408,0.0
2015-07-31,0.00046725852746809515,0.0023580562659848425
2015-07-06,0.04196690685882043,0.0
2015-07-07,-0.016904655183453965,0.0
2015-07-08,-0.06682733016348597,0.0
2015-07-09,0.06407482375933538,0.0
2015-08-10,0.051295506723515905,0.049443443606023596
2015-08-11,-0.0044300243339365775,-0.011844293340506629
2015-08-12,-0.012409125094008377,-0.010388093859358016
2015-08-13,0.014468841223505446,0.013727028087652693
2015-08-14,-0.00043788314775428105,0.00325141558102926
2015-08-17,0.0007509856686900296,0.0
2015-08-18,-0.061096866987680465,0.0
2015-08-19,0.01571866258159038,0.0
2015-08-20,-0.031868852459016384,0.0
2015-08-21,-0.04524519100514768,0.0
2015-08-24,-0.08676220204313267,0.0
2015-08-25,-0.07022450089334265,0.0
2015-08-26,-0.005597794301946846,0.0
2015-08-27,0.05906570324315252,0.0
2015-08-28,0.04236414121380405,0.03647507237053693
2015-08-03,0.14415100083720223,0.00028350312335390093
2015-08-31,-0.11933745759329473,-0.0021722932682805007
2015-08-04,0.1705566885716443,0.039679188095790074
2015-08-05,-0.02045557204620252,-0.022081085015448476
2015-08-06,-0.008959156785243727,-0.011150453628329893
2015-08-07,0.019476203137463566,0.020579043542437114
2015-09-01,-0.13790180608984803,-0.0034210351990310306
2015-09-10,-0.0011344728482831634,-0.017271813436780192
2015-09-11,-0.003255849170894165,0.001917313307209012
2015-09-14,-0.019826800364630803,0.002672404197387346
2015-09-15,-0.038905680849414925,0.0
2015-09-16,0.04967341343440057,0.0
2015-09-17,-0.021510332641929808,0.0
2015-09-18,0.004789196828138387,0.0
2015-09-02,0.034536646350992406,-0.003120708051208454
2015-09-21,-0.016238670694864066,0.02602615535889874
2015-09-22,0.009443378119001977,0.007666737647879396
2015-09-23,-0.022132643748098535,-0.02250820106912066
2015-09-24,0.006766741852687108,0.008107917550132404
2015-09-25,-0.015991965389369533,-0.003732974632848829
2015-09-28,0.0033759912067206077,0.0
2015-09-29,-0.019561815336463284,0.0
2015-09-30,0.0076616121308858975,0.0
2015-09-07,0.013068271820053878,-0.000505885140907214
2015-09-08,0.02540849034477377,0.0
2015-09-09,0.019594388533089147,0.012521144674085827
2016-01-11,-0.058999476557242136,0.0
2016-01-12,0.007072472981564104,0.0
2016-01-13,-0.01846445198453417,0.0
2016-01-14,0.02066082482514675,0.0
2016-01-15,-0.03174228103339638,0.0
2016-01-18,0.0038233140811843036,0.01326024844720508
2016-01-19,0.029335494327390688,0.028265632376095473
2016-01-20,-0.015194457565737784,-0.012916352837931244
2016-01-21,-0.029418818450715478,-0.028519391945090344
2016-01-22,0.010460423358866544,0.009670417660503583
2016-01-25,0.004890772742093263,0.008694518305597532
2016-01-26,-0.06043153796236189,0.0
2016-01-27,-0.003453336786670147,0.0
2016-01-28,-0.02624967512778309,0.0
2016-01-29,0.032473309608541,0.0
2016-01-04,0.17802671262386882,0.0
2016-01-05,0.0027796064662424236,0.0
2016-01-06,0.017433802611423133,0.0
2016-01-07,-0.06904215658158874,0.0
2016-01-08,0.020254139391605586,0.0
2016-10-10,-0.0007548309178743162,0.008779031740942633
2016-10-11,0.0037770055899681854,0.0025426030623492135
2016-10-12,-0.0018813967489463845,-0.0025361546278258595
2016-10-13,0.0007539772298876812,0.0
2016-10-14,0.0008287500941761561,0.002860428445143004
2016-10-17,-0.008506473953628468,-0.00019826443823689477
2016-10-18,0.013134917622048548,0.0
2016-10-19,-0.0014988009592326046,0.0
2016-10-20,0.0007505253677573265,0.0
2016-10-21,0.0027748612569371556,0.0
2016-10-24,0.011741829332136744,0.0
2016-10-25,7.392075694845346e-05,0.0
2016-10-26,-0.0038435952398552242,0.0
2016-10-27,-0.0027454181197594796,0.0
2016-10-28,-0.0016369047619047006,0.0
2016-10-31,-0.001192428081681407,0.0
2016-11-01,0.006790031338606006,0.0
2016-11-10,0.00918995034462311,0.0
2016-11-11,0.007710949548358714,0.0
2016-11-14,0.003716659379099152,0.0028898980537537255
2016-11-15,-7.260582298695972e-05,-0.0012321512874780005
2016-11-16,-0.0001452221899506112,0.00030841783930712907
2016-11-17,0.0020334059549744765,-0.0014324674828956052
2016-11-18,-0.005508044644151222,0.0
2016-11-02,-0.02419472380119525,0.0
2016-11-21,0.03174010455563847,0.005656332819722776
2016-11-22,0.007889974665219013,0.010112293030472674
2016-11-23,0.0021545532892845998,0.0018201924137535297
2016-11-24,0.004013186183173367,0.0027253279992811574
2016-11-25,0.009279086366880795,0.010871683094786588
2016-11-28,0.0038896746817538297,0.0018918819122488717
2016-11-29,0.008171891511095541,0.0
2016-11-03,-0.055481797218922546,0.0
2016-11-30,0.05104682991788123,0.0
2016-11-04,-0.05166467234461891,0.0
2016-11-07,0.0006680026720107257,0.0
2016-11-08,0.004302032339415618,0.0
2016-11-09,-0.005317577548005992,0.0
2016-12-01,0.06296406296406287,0.0
2016-12-12,-0.044146409611623305,-0.026146974608702966
2016-12-13,-0.0012423268050277825,-0.0015430456660043834
2016-12-14,-0.007755908392478195,-0.002361603004415569
2016-12-15,-0.011356094683283025,0.0
2016-12-16,0.0014917580368465355,0.0
2016-12-19,-0.005138899232888905,0.0
2016-12-02,0.06078754304536593,0.0
2016-12-20,-0.0629498941425547,0.0
2016-12-21,0.00881156800722982,0.009313633481293548
2016-12-22,-0.0008212019410226423,-0.0018847919654585432
2016-12-23,-0.008368200836820106,-0.00786812964361272
2016-12-26,0.004445449065702212,0.0034894323492964396
2016-12-27,-0.0018753281824318568,-0.001580590250565117
2016-12-28,-0.004358935818427834,-0.005065895907490736
2016-12-29,-0.0012832125603865485,0.0006364612348011001
2016-12-30,0.0038545839316757036,0.0006360564095531096
2016-12-05,0.04871254329167285,0.0
2016-12-06,-0.002943499174384412,0.0
2016-12-07,0.0048243087557602315,0.0
2016-12-08,-0.0015764958796130601,0.0
2016-12-09,0.006603028780592934,0.007675590551181166
2016-02-01,-0.18516934046345812,0.0
2016-02-15,0.015575778788939454,-0.003926519821964458
2016-02-16,0.03075995174909507,0.027593987091031114
2016-02-17,0.008609880464766295,0.010113469641979789
2016-02-18,-0.0031493452676941702,-0.0013809946821347063
2016-02-19,-0.0007482540738278365,-0.0024200828152339815
2016-02-02,-0.029286962309676312,0.022730349344978196
2016-02-22,0.0530556269820861,0.01505013233578123
2016-02-23,-0.00952303434803825,0.0
2016-02-24,0.006574081682964916,0.0
2016-02-25,-0.061556045391460645,0.0
2016-02-26,0.010352327098738678,0.0
2016-02-29,-0.02410883416566212,0.0
2016-02-03,0.024880889359449432,-0.004625572370104414
2016-02-04,0.012310606060605966,0.012868802911781163
2016-02-05,-0.007058423335317587,-0.011293600798739867
2016-03-01,-0.01130524152106871,0.0
2016-03-10,0.028066528066527985,0.0
2016-03-11,0.001685203909673083,0.0
2016-03-14,0.015730148048452186,0.0
2016-03-15,0.0029813664596274325,0.0
2016-03-16,0.004954173891503544,0.0
2016-03-17,0.011009777339577642,0.0
2016-03-18,0.015359609914668892,0.013403536212172718
2016-03-02,-0.037938210340963785,0.0
2016-03-21,0.06489184692179717,0.021809008247764217
2016-03-22,-0.007343750000000093,-0.006567239104441125
2016-03-23,0.003226821973870697,0.0016526632105731132
2016-03-24,-0.01678826390523247,-0.006465902842899829
2016-03-25,0.005026729434293387,0.0
2016-03-28,-0.00889171165449354,0.0
2016-03-29,-0.010813841717398187,0.0
2016-03-03,-0.024374443274759128,0.0
2016-03-30,0.05137782204515262,0.0
2016-03-31,0.0005526170363938654,0.0
2016-03-04,-0.0384251222976173,0.012398740377886686
2016-03-07,0.00352834988102102,0.007949027792427676
2016-03-08,0.0008994276369582721,-0.0037717273784477756
2016-03-09,-0.011518666775590214,-0.015682674226198623
2016-04-01,0.04867768595041322,0.005490562248996023
2016-04-11,0.002285444085428523,0.0
2016-04-12,-0.0035382921843056803,0.0
2016-04-13,0.013335437544385709,0.0
2016-04-14,0.004438560971811167,0.0
2016-04-15,-0.001162880843476266,0.0
2016-04-18,-0.013427506985408288,0.0
2016-04-19,0.002989536621823552,0.0
2016-04-20,-0.017726880539650103,0.0
2016-04-21,-0.006468098698394931,0.0
2016-04-22,0.004661629963028435,0.0
2016-04-25,-0.0041600000000000525,0.0
2016-04-26,0.0054627249357328544,0.006250712830957239
2016-04-27,-0.0040747842761266195,-0.004722686226144024
2016-04-28,-0.001524267950260727,-0.0006778708321195648
2016-04-29,-0.0010445122931060924,-0.0013566613053672683
2016-04-05,0.03402235984878943,0.009652491018357079
2016-04-06,-0.0021001866832608407,-0.001648312269990404
2016-04-07,-0.014888144048639695,-0.01254785603699482
2016-04-08,-0.007437885741414796,-0.0075542924642534315
2016-05-10,-0.0357142857142857,-0.0012465699413354292
2016-05-11,0.0044642857142858094,0.0
2016-05-12,0.002304526748971192,0.0
2016-05-13,-0.004926917392018448,0.0
2016-05-16,0.00660174946360792,0.005736941340781954
2016-05-17,-0.0027053615346779303,-0.0017358515771911387
2016-05-18,-0.005672009864364891,-0.006259931990707734
2016-05-19,-0.0016534391534391846,-0.0008986394980160517
2016-05-20,0.005051341503809148,0.0
2016-05-23,0.003213314657658506,0.00014996501049679978
2016-05-24,-0.00763797634691199,-0.005947323644886482
2016-05-25,-0.001406935363734152,-0.0007038712850289119
2016-05-26,0.001740427647936471,-0.00019996981082748277
2016-05-27,-0.000496401092082488,0.0
2016-05-03,0.04767817233672722,0.019358686782764867
2016-05-30,-0.044165284032551155,0.0
2016-05-31,0.03372458257563227,0.033457307953773
2016-05-04,0.010794818487126268,-0.003664938525987149
2016-05-05,0.0013448303140575213,0.0
2016-05-06,-0.025359456470216424,-0.022739321831828807
2016-05-09,-0.02066953068006816,-0.020530967782600218
2016-06-01,0.03203112067538494,-0.003946808337790486
2016-06-13,-0.027428021493303367,0.0
2016-06-14,0.0032159643770099944,0.0
2016-06-15,0.013151405556468765,0.0
2016-06-16,-0.006084699010222128,0.0
2016-06-17,0.00563219329034359,0.003601727712508662
2016-06-02,0.014285714285714235,0.0009906118395150987
2016-06-20,-0.013284250960307276,0.000344302418166631
2016-06-21,-0.0020275750202758402,-0.002409287403687954
2016-06-22,0.008858187728565836,0.006210272798653271
2016-06-23,-0.00443048171419369,-0.0034288574148734208
2016-06-24,-0.011327777328262845,-0.01032196479012637
2016-06-27,0.013994598575988393,0.012515542739639729
2016-06-28,0.0053268765133172025,0.0051503500486913545
2016-06-29,0.004736673089274168,0.004440765213532094
2016-06-03,0.005673192169396657,0.011215823653472734
2016-06-30,-0.004528841569998443,0.001360348309022541
2016-06-06,0.002155000399074236,-0.0058719304565093555
2016-06-07,-0.0003982159923542339,0.0011187782602752883
2016-06-08,-0.003266671978328639,0.0
2016-07-01,0.002078337330136071,-0.0006792501377349547
2016-07-11,0.020580727504786234,0.0
2016-07-12,0.021572612161950833,0.0
2016-07-13,0.004820198928844555,0.0
2016-07-14,-0.0017513134851138146,0.0
2016-07-15,0.0004576659038901809,0.0
2016-07-18,-0.004269594388533138,0.0
2016-07-19,-0.003751914241960308,0.0
2016-07-20,-0.0031511797709630196,0.0
2016-07-21,0.004548959136468689,0.0
2016-07-22,-0.008212449151891899,0.0
2016-07-25,0.0019346850332766508,0.0
2016-07-26,0.011894647408666081,0.0
2016-07-27,-0.015266010228226823,0.0
2016-07-28,0.0008526470816214715,0.006069811943253178
2016-07-29,-0.004569392812887041,-0.0032793362203735743
2016-07-04,-0.009025130319769703,0.016652939886217633
2016-07-05,0.001570228468242174,-0.00019930311436344716
2016-07-06,0.0032139217684408194,0.0
2016-07-07,-0.00015627441787779972,0.0
2016-07-08,-0.003829321663019747,0.0
2016-08-01,-0.00015689966266574373,-0.008225314121456107
2016-08-10,0.020792467634366485,-0.0029245499263892416
2016-08-11,-0.0026902382782473255,-0.0013036124469698596
2016-08-12,0.018805394990366153,0.01762173995363403
2016-08-15,0.029502988123156104,0.002044961182936067
2016-08-16,-0.004482327871261682,0.0
2016-08-17,-0.0014762326542663295,0.0
2016-08-18,-0.0025133057362507483,0.0
2016-08-19,0.0005928560841856889,0.0
2016-08-02,-0.05251073914975557,-0.0005304542439922288
2016-08-22,0.04666614554834658,0.0
2016-08-23,0.0015683345780432845,0.0
2016-08-24,-0.003280888822608241,0.0
2016-08-25,-0.006209321463305106,0.0
2016-08-26,-0.0005269497139415158,0.0
2016-08-29,0.00015063643895452117,0.0
2016-08-03,-0.035318924617817715,0.0
2016-08-30,0.03793911007025752,0.0
2016-08-31,0.004663056558363632,0.0
2016-08-04,-0.03877826021859565,0.0
2016-08-05,0.0015576323987538387,0.003433487450462458
2016-08-08,0.008786936236391707,0.008228023951843522
2016-08-09,0.006937485546905098,0.004570090598128962
2016-09-01,0.014621449896654592,0.0
2016-09-12,-0.01078919571450132,0.0
2016-09-13,-0.000762718328121359,0.0
2016-09-14,-0.006564384398137446,0.0
2016-09-19,0.007529773338455392,0.0
2016-09-02,0.01487073896133606,0.0
2016-09-20,-0.016381124135858127,0.0
2016-09-21,0.002902979373567538,0.0036855292975073173
2016-09-22,0.007312614259597838,0.006450812586283661
2016-09-23,-0.0047640653357531315,-0.002243313212095699
2016-09-26,-0.016412126738089894,-0.016702080430410216
2016-09-27,0.006334492081884857,0.0048997437303370805
2016-09-28,-0.0029170185000384485,-0.0001992598714737337
2016-09-29,0.004080375702517625,0.0
2016-09-30,0.0028369881919951823,0.0
2016-09-05,0.01972627876748989,0.0
2016-09-06,0.0070480617830095404,0.0
2016-09-07,-0.0005956369592732269,0.0
2016-09-08,-0.0005214929598451601,0.0
2016-09-09,-0.0063357185450207965,0.0
2017-01-10,0.010576850948916139,0.0
2017-01-11,-0.007051662707838524,0.0
2017-01-12,-0.0050833520221275075,0.0
2017-01-13,0.0007513712525359928,0.0
2017-01-16,-0.0003003228470607189,0.0
2017-01-17,0.002102891475779245,0.0
2017-01-18,0.003897174548452176,0.007728027901078072
2017-01-19,-0.0030608435983575655,-0.003460888903515702
2017-01-20,0.007638160850681475,0.008524411166827228
2017-01-23,0.0026753864447086606,0.00031305036210205195
2017-01-24,0.0001482359916986642,0.0006259047844852095
2017-01-25,0.003334815473543973,0.0031275663636742834
2017-01-26,0.003619174237388112,0.004053159746686408
2017-01-03,-0.013099793935825721,0.001072917177836974
2017-01-04,0.007755406413124444,0.0
2017-01-05,-0.00014799467219173135,0.0
2017-01-06,-0.005994671403197205,0.0
2017-01-09,0.004765095674186481,0.0
2017-10-10,0.17428677287884398,0.001339668644213976
2017-10-11,0.0032182747523190613,0.0037460537330735733
2017-10-12,0.0026418417410996042,0.0042652264987219635
2017-10-13,0.002007528230865585,0.002123555802878929
2017-10-16,-0.0019408965689956537,-0.0034434657879224284
2017-10-17,-6.273132174894336e-05,-0.0005315944948286466
2017-10-18,0.007841907151819205,-0.0004652330199389487
2017-10-19,-0.0032368502956738876,0.0
2017-10-20,-0.0010616374195966394,6.615220862138393e-05
2017-10-23,0.0009377344336083393,0.0029268952564767137
2017-10-24,0.007245019049403556,0.006632621684863116
2017-10-25,0.00440255472189488,0.0031626815385790152
2017-10-26,0.00413631312507734,0.007356324544855131
2017-10-27,0.007070396557024239,0.004694531283130576
2017-10-30,-0.0031135531135529915,0.0005786230930164837
2017-10-31,-0.0007348888480618321,0.0
2017-10-09,-0.030704173561316495,0.010286210560570996
2017-11-01,0.029084471421345404,0.0
2017-11-10,0.02850823298107641,0.0
2017-11-13,0.0038829151732377998,0.0
2017-11-14,-0.006962213626896752,0.0
2017-11-15,-0.006172099712368206,0.0
2017-11-16,0.0076575218570997805,0.0
2017-11-17,0.0038295835327908367,0.0
2017-11-02,-0.0296852646638055,0.0
2017-11-20,0.03624523897284693,0.010644326777609958
2017-11-21,0.017725871472610732,0.019460032013249418
2017-11-22,0.0022718005475621528,-0.000244725229120224
2017-11-23,-0.029466465186562818,-0.0313324971799529
2017-11-24,0.0004191867776515146,-0.0027243904893324844
2017-11-27,-0.013168921345624307,0.0
2017-11-28,0.0013951231347810733,0.0
2017-11-29,-0.0003634381246592211,0.0
2017-11-03,-0.014724595528085915,0.0
2017-11-30,0.003136531365313777,0.0
2017-11-06,0.003801115811415512,0.0
2017-11-07,0.008184205704513614,0.0
2017-11-08,-0.001514508996183439,0.0
2017-11-09,0.006795291833515238,0.0
2017-12-01,-0.0188622393636253,0.0008451410658305569
2017-12-11,0.01455684540261637,0.0
2017-12-12,-0.013076643661460108,0.0
2017-12-13,0.008403876824929268,0.006794405594405584
2017-12-14,-0.005900602226412643,-0.003087028583723672
2017-12-15,-0.011320523803696081,-0.0030366172544146197
2017-12-18,0.0011140682057313445,0.0
2017-12-19,0.01248840803709439,0.0
2017-12-20,-0.0011601636441350704,0.0
2017-12-21,0.009169825162000267,0.013695240545407605
2017-12-22,-0.003271141264841293,-0.004568257301711953
2017-12-25,-0.003221101251975278,-0.004334265268354565
2017-12-26,0.0029876227059326688,0.0003147571154133999
2017-12-27,-0.015501519756839,0.0
2017-12-28,0.006977462179685201,0.0
2017-12-29,0.0029433406916850036,0.0
2017-12-04,0.0006113964294449659,0.004176198840520229
2017-12-05,0.005254796529390093,-0.0025387062376637237
2017-12-06,-0.0061390712375395395,0.0
2017-12-07,-0.011314292703810125,0.0
2017-12-08,0.008103426945440972,0.0
2017-02-10,-0.16021353623366252,0.004148695652174128
2017-02-13,0.006649130498319389,0.005257690547674443
2017-02-14,-0.000217754228061251,0.0012306333688452131
2017-02-15,-0.004065630898794859,-0.003380082122475092
2017-02-16,0.005540166204986097,0.004316512869313005
2017-02-17,-0.005654632448890862,-0.00019917977718653113
2017-02-20,0.01458151064450286,0.0
2017-02-21,0.00323368784133371,0.0
2017-02-22,0.0019339588854667689,0.0019293795620436427
2017-02-23,-0.004718329997140391,-0.004249708242351602
2017-02-24,0.0001436575204711854,-0.0009145382871149632
2017-02-27,-0.007900028727377273,0.00010545124988103893
2017-02-28,0.0018097582163023596,0.0
2017-02-03,-0.025074066045234433,-0.005899935479547702
2017-02-06,0.0025200118588792897,-0.0003123658583867872
2017-02-07,-0.0022179506136330573,-0.0011356796964553384
2017-02-08,0.005186721991701226,0.0
2017-02-09,0.003833112192245247,0.0
2017-03-01,0.017917462182405863,0.0
2017-03-10,-0.008728899148751967,0.0009286919374060787
2017-03-13,0.008732988865439273,-0.0020550203349467555
2017-03-14,-0.0004328692013564339,0.0
2017-03-15,0.0019487549621075573,0.003479460453709393
2017-03-16,0.0051865725399797835,0.006109948523683739
2017-03-17,-0.010247957574888944,-0.011234760957687384
2017-03-02,-0.003041054232133744,0.0
2017-03-20,0.004139734185489186,0.00010772797764357911
2017-03-21,0.004845942427310845,0.0
2017-03-22,-0.004678615129921515,0.0
2017-03-23,0.0033989007810240057,0.0019463519313305255
2017-03-24,0.008000000000000007,0.009484911189105105
2017-03-27,-0.0033605033605034196,-0.004546351416597649
2017-03-28,-0.0023674582107754416,-0.0015223717089749567
2017-03-29,-0.0011505824823817568,-0.001829631429896672
2017-03-03,-0.010799136069114423,0.0
2017-03-30,0.0026200873362443033,-0.002337667019312595
2017-03-31,0.005952380952380931,0.0
2017-03-06,-0.0031750613364120994,0.0
2017-03-07,0.0022441001882149703,0.0
2017-03-08,-0.0015167930660888729,0.0013364055299538435
2017-03-09,-0.006293402777777901,-0.008897479558807708
2017-04-10,0.02314915920506655,-0.002710567581406864
2017-04-11,0.0034863038064747442,0.0027179347271666376
2017-04-12,-0.0023397617697107354,-0.0008019665950853572
2017-04-13,0.0014924312415607321,0.0
2017-04-14,-0.00801873403349429,0.0
2017-04-17,-0.001931468631518607,0.0
2017-04-18,-0.004945527522935755,0.0
2017-04-19,-0.004826046243607385,0.0
2017-04-20,0.004559930515344535,0.0
2017-04-21,0.0014410260105195416,0.0
2017-04-24,-0.010216562342614588,0.0
2017-04-25,0.0028349204041580034,0.0
2017-04-26,0.0012322412293419571,0.0
2017-04-27,0.000506768985738093,0.0
2017-04-28,-0.0020260492040520273,0.0
2017-04-05,0.01870649651972167,0.0
2017-04-06,0.002846975088967918,0.0
2017-04-07,0.001064584811923286,0.0013081423401688497
2017-05-10,-0.050407656859269845,0.0
2017-05-11,0.005748842765417317,0.0
2017-05-12,0.008833791106822142,0.0
2017-05-15,0.004120676968359049,0.001049469081823684
2017-05-16,0.008793785724754422,0.01185514115667008
2017-05-17,-0.005448205724248201,-0.006783088305573504
2017-05-18,-0.0033598714483966674,-0.004345989973676856
2017-05-19,0.0017588860388420002,-0.0005115109608513357
2017-05-02,0.005047918648035665,0.0
2017-05-22,-0.0028388411704760586,0.0
2017-05-23,0.0037958975107672543,0.0
2017-05-24,0.0,0.0013497365974588504
2017-05-25,0.018180495963929788,0.021353267340802784
2017-05-26,-0.0013570459252909561,-0.0018179859164265677
2017-05-03,-0.021241596338149038,0.0
2017-05-31,0.02528315674095727,0.000607099002912781
2017-05-04,-0.02722542940631456,0.0
2017-05-05,-0.0064473587808629995,0.0
2017-05-08,-0.0070791239584101495,0.0
2017-05-09,-0.001485332343111767,0.0
2017-06-01,0.04507251766455922,-0.002019563666007307
2017-06-12,0.02298768770905979,-0.001759875335124117
2017-06-13,0.0023653819396132203,-0.0028424493593398603
2017-06-14,-0.01110494169905607,0.0
2017-06-15,-0.0016844469399213136,0.0
2017-06-16,-0.0015466816647919934,0.0
2017-06-19,0.009998591747641061,0.0
2017-06-02,-0.02356385945342987,0.0
2017-06-20,0.022061973439954308,0.0
2017-06-21,0.011666084526720244,0.005678342638848033
2017-06-22,0.000828614832205643,0.0011687966134352745
2017-06-23,0.008969228646336314,0.00963131501247072
2017-06-26,0.012376914660831462,0.012430176374952362
2017-06-27,0.0018237082066869803,0.00028552474622989266
2017-06-28,-0.007753505933117633,-0.006565194637754512
2017-06-29,0.006591017191003523,0.006033922020005411
2017-06-30,-0.00033751856352093323,-0.0036254862946965005
2017-06-05,-0.058815585117158564,0.0
2017-06-06,0.0070311378963983096,0.0
2017-06-07,0.011897976631518814,0.0
2017-06-08,0.00774484263887909,0.007530439952437407
2017-06-09,0.0046810591769719245,0.005900867085211203
2017-07-10,0.029624478442281,0.0011513090009165339
2017-07-11,0.005740915844927752,0.008049895089742298
2017-07-12,-0.0028876502585455377,-0.0016255853524714814
2017-07-13,0.008351293103448398,0.0
2017-07-14,0.005410098851188927,0.0
2017-07-17,-0.010562678535840031,0.0
2017-07-18,0.001342822613132899,0.0
2017-07-19,0.017098028697867695,0.0
2017-07-20,0.004812446436812001,0.0
2017-07-21,-0.004789397716835064,0.0
2017-07-24,0.00402135935130854,0.005657278304517677
2017-07-25,-0.006237688772160133,-0.007486924917512017
2017-07-26,-0.003700033036009298,-0.00019886642227917584
2017-07-27,0.0019232044565289375,0.0
2017-07-28,0.002647603918453756,0.0
2017-07-03,-0.026670187483496144,0.0
2017-07-31,0.03174172544763976,0.0
2017-07-04,-0.0387851696029452,0.0
2017-07-05,0.011968266994939247,0.0
2017-07-06,0.0006082313982562759,0.0
2017-07-07,-6.754018641086379e-05,0.0006642281105992964
2017-08-01,0.036339074636946966,0.007570699223085509
2017-08-10,-0.01362184709639569,0.0
2017-08-11,-0.0181049292982689,0.0
2017-08-14,0.012853297442799505,0.0
2017-08-15,0.00298983456248747,0.0
2017-08-16,-0.0012586115527292163,0.0
2017-08-17,0.005306095377064501,0.005970611329220388
2017-08-18,0.0011875700996240024,0.000278761869122901
2017-08-02,0.00883031301482684,0.0
2017-08-21,-0.004507152655300772,0.004458946921587659
2017-08-22,0.0029527559055118058,0.001387235304405987
2017-08-23,0.0009813542688910104,0.00277062709708753
2017-08-24,-0.005620915032679696,-0.00019882346023991637
2017-08-25,0.016300775601419737,0.0
2017-08-28,0.012223515715948707,0.0
2017-08-29,-0.001597342022873871,0.0
2017-08-03,-0.02873416101369508,-0.00991384647108906
2017-08-30,0.029452460960664117,0.0
2017-08-31,-0.003072196620583667,0.0
2017-08-04,-0.03075243965074481,-0.00019848218978402166
2017-08-07,0.005100351063125119,0.0
2017-08-08,0.0016475550283379103,0.0
2017-08-09,-0.00026317520889529433,0.0
2017-09-01,0.027245804540967367,0.0
2017-09-11,-0.0008969184444870271,0.0008882148610838136
2017-09-12,0.003206155819172718,0.0
2017-09-13,0.0011505273250240755,0.0
2017-09-14,-0.003319925940113655,0.0
2017-09-15,0.00032028697713171184,0.0
2017-09-18,0.002945696721311508,0.0
2017-09-19,-0.0029370450772570056,0.0
2017-09-20,0.002753586065573854,0.0
2017-09-21,-0.001213359729229202,0.0
2017-09-22,-6.393861892584063e-05,0.0
2017-09-25,-0.005243302001406769,0.0
2017-09-26,0.0009641961817830058,0.0
2017-09-27,6.421782686882871e-05,0.0
2017-09-28,0.0003210685160213167,0.0
2017-09-29,0.0035948131980998443,0.0033313959804452953
2017-09-04,0.0027504157605220403,0.0
2017-09-05,0.0029342348663647932,0.003318019480519574
2017-09-06,-0.00197163391210331,-0.0032360160823527995
2017-09-07,-0.005034412439459568,-0.004328695839154739
2017-09-08,-0.0009607378466661709,-0.0008151590454096302
2018-01-10,0.0945634055648159,0.0042024814911589825
2018-01-11,-0.0005271481286241997,-0.0014770216056257945
2018-01-12,0.004629629629629539,-0.00019772059220524163
2018-01-15,5.833284722633891e-05,0.0
2018-01-16,0.007874475034997719,0.0
2018-01-17,-0.0024885699403900396,0.0
2018-01-18,0.005511719656532854,0.0
2018-01-19,0.003173504125555171,0.0
2018-01-02,-0.04607155182330602,0.011847514095335798
2018-01-22,0.06077781127524862,0.0
2018-01-23,0.010572386744728046,0.0
2018-01-24,0.001574891726193739,0.0005166467637927052
2018-01-25,-0.0056157690795755055,-0.006445201275519841
2018-01-26,0.0038967639916418495,0.005045453287367607
2018-01-29,-0.018226822682268162,0.002190160785503048
2018-01-03,-0.044121017648407146,0.00531884042187003
2018-01-30,0.03500779283059585,0.0
2018-01-31,0.004691300822425637,0.0
2018-01-04,-0.034242232086239666,0.0030232571615294024
2018-01-05,0.0023876320658986483,0.004018859502932237
2018-01-08,0.005121181444649459,0.004002772920941089
2018-01-09,0.007050180697908637,0.007973629214779399
2018-10-10,-0.20202376750205897,0.0
2018-10-11,-0.047847242701268056,0.0
2018-10-12,0.014943863724351525,0.0
2018-10-15,-0.013960939884040235,0.0
2018-10-16,-0.008123791102514488,0.0
2018-10-17,0.005538221528861076,0.0
2018-10-18,-0.02373749127298108,0.0
2018-10-19,0.029717918156535683,0.0
2018-10-22,0.043213210895902465,0.0
2018-10-23,-0.0267771284858348,0.0
2018-10-24,0.0015201033670289021,0.0023861667744020654
2018-10-25,0.0018972451999696993,0.004836552263074445
2018-10-26,-0.006438418421451209,0.0020462184555760654
2018-10-29,-0.030723488602576787,0.0
2018-10-30,0.010618216139688386,0.0
2018-10-31,0.014164526422289603,0.0
2018-10-08,0.043895326529046264,0.0
2018-10-09,-0.0006616187605675838,0.0
2018-11-01,-0.03435339120200087,0.0
2018-11-12,0.008684390949950549,0.0
2018-11-13,0.010120081564836347,0.0
2018-11-14,-0.010093457943925133,0.0
2018-11-15,0.011782477341389708,0.0
2018-11-16,0.00462824723798172,0.0
2018-11-19,0.01136870263040568,0.011080451127819524
2018-11-02,-0.0011020498126516065,0.0038544434050513665
2018-11-20,-0.02206531332744932,-0.021379645239180678
2018-11-21,0.0026323706377857636,0.0009498574074060517
2018-11-22,-0.00382566949216101,0.0016997700489738143
2018-11-23,-0.022063253012048256,0.0
2018-11-26,-0.0006930006930006005,0.0
2018-11-27,-0.0013099090768994293,0.0
2018-11-28,0.013347735514234849,0.0
2018-11-29,-0.012943505405816902,0.0
2018-11-30,0.011107682813946251,0.010823273905996578
2018-11-05,0.028532194079951223,-0.012735445777255383
2018-11-06,-0.006008010680907838,-0.006292551016542802
2018-11-07,-0.00649205283187837,-0.008232117339840528
2018-11-08,-0.002779029592909543,0.009376313306396433
2018-11-09,-0.014235143481208246,0.0
2018-12-10,-0.007029339853300676,-0.006930756379462166
2018-12-11,0.00484764542936289,0.0
2018-12-12,0.00344589937973816,0.0
2018-12-13,0.01564407814407809,0.014494730118173038
2018-12-14,-0.016755578931550108,-0.017000468772185195
2018-12-17,-0.0016047684548372576,-0.0012810728216237077
2018-12-18,-0.010256410256410331,-0.005006312566480764
2018-12-19,-0.01183203155208401,0.0
2018-12-20,-0.007669431835968132,0.0
2018-12-21,-0.012381703470031535,0.0
2018-12-24,0.0028747105326201172,0.005561911216536597
2018-12-25,-0.006847678955330783,-0.006065889307225625
2018-12-26,-0.00513108313958166,-0.00542480789060007
2018-12-27,-0.003868160206301763,-0.002386298663959008
2018-12-28,0.00679556670172321,0.002392006706366523
2018-12-03,0.08252310164724785,0.025654265544352572
2018-12-04,0.0020783847980998527,0.0015632866262891287
2018-12-05,-0.004814814814814938,-0.004682539727135393
2018-12-06,-0.02165984369184959,-0.020072827983579566
2018-12-07,0.0001521606816798915,-0.0019203749801002257
2018-02-01,0.3104366347177847,0.0
2018-02-12,-0.08382190747083063,0.0
2018-02-13,0.01172147247037958,0.002737052856380151
2018-02-14,0.007953406813627106,0.00905157346962504
2018-02-02,0.07654551102826956,0.0
2018-02-22,-0.05113406821723321,0.02057910118401085
2018-02-23,0.004561766315917648,0.005428807267776836
2018-02-26,0.011564543472995847,0.01285593917392358
2018-02-27,-0.014425091279104518,-0.014469748452308084
2018-02-28,-0.008684562128021378,-0.010045713146464075
2018-02-05,0.062182196900079534,0.007919704797048066
2018-02-06,-0.029242127119621597,-0.028067992686506282
2018-02-07,-0.023765670488978707,-0.023353962499462533
2018-02-08,-0.009311666970969523,-0.0014837008885340008
2018-02-09,-0.042695662857844874,0.0
2018-03-01,0.05422575883976122,0.007285494865937769
2018-03-12,0.019174579985390627,0.0
2018-03-13,-0.008899241474048858,0.0
2018-03-14,-0.004338917681089627,0.0
2018-03-15,0.005628858491708133,0.0
2018-03-16,-0.009690039121275973,0.0
2018-03-19,0.004436611158380899,0.0
2018-03-02,-0.014037635384522407,-0.007430824076855691
2018-03-20,0.015096655415771654,0.0
2018-03-21,-0.00423190859077438,0.0
2018-03-22,-0.010199745006374772,0.0
2018-03-23,-0.028767711464147805,0.0
2018-03-26,-0.006504989263609984,0.0
2018-03-27,0.008645349945966663,0.0
2018-03-28,-0.018150879183210344,0.0
2018-03-29,0.013351306245587002,0.0
2018-03-30,0.0012035218850954266,0.0
2018-03-05,0.031317221308363896,0.0
2018-03-06,0.011962456291024992,0.0
2018-03-07,-0.007395732298739133,0.0
2018-03-08,0.010199096128007845,0.0
2018-03-09,0.007677891300405193,0.0
2018-04-10,-0.04463642908567311,0.017694098798398006
2018-04-11,0.0028887214267772077,0.0013119005860626753
2018-04-12,-0.010206637445209776,-0.010219417711204826
2018-04-13,-0.0070854684633391285,-0.006883288339571858
2018-04-16,-0.01611978337050013,-0.0017956079022316551
2018-04-17,-0.015865820489573856,0.0
2018-04-18,0.004671974731854878,0.0
2018-04-19,0.012116845690332667,0.0
2018-04-02,0.01980198019801982,0.0
2018-04-20,-0.03255282695602524,0.0
2018-04-23,0.0013774104683195176,0.00592765246449467
2018-04-24,0.020501735769961504,0.020762474468385195
2018-04-25,-0.0038510911424903815,-0.0059664476275261835
2018-04-26,-0.019201030927835094,-0.019643759333172972
2018-04-27,0.0003941663381947791,0.0022263742865793468
2018-04-03,0.028368794326241176,0.0
2018-04-04,-0.0018518518518518823,0.0
2018-04-09,-0.0005118034674684857,0.0
2018-05-10,0.010433335466939697,0.006680419423453099
2018-05-11,-0.0051944761180793275,-0.005839757066105955
2018-05-14,0.00942435048395307,0.0019383864490774005
2018-05-15,0.0037850113550341735,0.0
2018-05-16,-0.008044243338360957,0.0
2018-05-17,-0.007412569690826154,0.0
2018-05-18,0.010148720239994802,0.0
2018-05-02,-0.03607986857070644,0.003965527649538059
2018-05-21,0.042215666994428025,0.0
2018-05-22,-0.0036480281778727974,0.0
2018-05-23,-0.013256738842244875,0.0
2018-05-24,-0.0070372976776916785,0.0
2018-05-25,-0.002126151665485576,0.0
2018-05-28,0.00439049586776874,0.0
2018-05-29,-0.007521213679609229,0.0
2018-05-03,-0.004274888269965582,0.0
2018-05-30,-0.016912769140701278,0.0
2018-05-31,0.021504664858069233,0.0
2018-05-04,-0.008550330353672808,0.0
2018-05-07,0.015876127009015972,0.014311524774158091
2018-05-08,0.01151199434047201,0.012954486570515567
2018-05-09,-0.001780264496439421,-0.0029307698866057885
2018-06-01,-0.024840764331210297,0.0
2018-06-11,0.004898758981058071,-0.004334805422135823
2018-06-12,0.012089697757555973,0.0
2018-06-13,-0.00969751461049384,0.0
2018-06-14,-0.003826199740596614,7.706371191140704e-05
2018-06-15,-0.0036455959898444856,-0.0016619217876339132
2018-06-19,-0.03495589676576272,-0.006857406290113888
2018-06-20,0.0041299932295193464,0.0
2018-06-21,-0.01146247724361149,0.0
2018-06-22,0.004979196507741701,0.0
2018-06-25,-0.013370435726890229,0.0
2018-06-26,-0.008117218133039894,0.0
2018-06-27,-0.02018170469519376,0.0
2018-06-28,-0.010050962627406568,0.0
2018-06-29,0.026312026312026227,0.0
2018-06-04,0.07705169290790015,0.004200109980753375
2018-06-05,0.010349288486416475,0.008214056561664851
2018-06-06,-0.0020486555697823983,-0.0016294271059217325
2018-06-07,-0.0002566076469078249,-0.00027201441197632903
2018-06-08,-0.012833675564681735,-0.01333233277350232
2018-07-10,-0.07657306292251687,0.0006983832335327733
2018-07-11,-0.017035055610305494,-0.016455573571582782
2018-07-12,0.023059295330850826,0.02403164194581331
2018-07-13,0.004409911801763977,9.713835168878582e-05
2018-07-16,-0.004739006202522877,0.0
2018-07-17,-0.005321756179539117,0.0
2018-07-18,-0.004998240056318326,0.0
2018-07-19,-0.0007782651761708559,0.0
2018-07-02,-0.013170006372583809,0.0
2018-07-20,0.03250340819401609,0.0
2018-07-23,0.009451007644197151,0.0
2018-07-24,0.015833677543714897,0.015653314121037543
2018-07-25,-0.0010165356465167141,-0.000283742920968999
2018-07-26,-0.011532460484363294,-0.01277205542390869
2018-07-27,-0.003911879761169468,-0.0016340661302578496
2018-07-03,-0.03934132561664594,0.0
2018-07-30,0.03915943484185602,0.0
2018-07-31,0.0008282145075573233,0.0
2018-07-04,-0.051099924143162556,0.0
2018-07-05,-0.005813953488371992,0.0
2018-07-06,0.007236842105263097,0.0
2018-07-09,0.02801364395093997,0.0
2018-08-01,0.003529827038474931,0.0
2018-08-10,-0.011607456911712943,0.0017775900642669207
2018-08-13,-0.004341637010676136,-0.004140350304392637
2018-08-14,-0.005146901136607429,-0.004454532938657829
2018-08-15,-0.02378386146439604,-0.023267215860461543
2018-08-16,-0.004637126453702289,-0.00397024587793815
2018-08-17,-0.014124084892405575,0.006855675141790751
2018-08-02,0.04267926792679266,0.0
2018-08-20,-0.02985396734047896,0.0
2018-08-21,0.01816698798754257,0.0
2018-08-22,-0.005534920981720259,0.0
2018-08-23,0.00410106188209447,0.002280347179169251
2018-08-24,0.0019692217927211875,0.0015463807206652636
2018-08-27,0.02438491774639684,0.025012688535455796
2018-08-28,-0.0018475094151921834,-0.003012632207858079
2018-08-29,-0.004057805937210834,-0.0036260827029690468
2018-08-03,-0.02265904217298076,0.0
2018-08-30,0.012579536312440576,-0.010008017331702423
2018-08-31,-0.004983748645720598,-0.00418116110115907
2018-08-06,-0.01996225319396039,0.0
2018-08-07,0.029108954892230088,0.0
2018-08-08,-0.015618252483086237,0.0
2018-08-09,0.025005483658697036,0.023765969062784498
2018-09-10,-0.04750695484699341,0.0
2018-09-11,-0.0018722384482887655,0.0
2018-09-12,-0.0066776710684273155,0.0
2018-09-13,0.010650351234987587,0.0
2018-09-14,0.0017937219730941312,0.0
2018-09-17,-0.011414503133393095,0.0
2018-09-18,0.02007395668251455,0.0
2018-09-19,0.013168602500554849,0.0
2018-09-20,-0.0007301935012777871,0.0
2018-09-21,0.030252100840336027,0.027198615291992745
2018-09-25,-0.009078658060855282,-0.009670743989090513
2018-09-26,0.011165986686708207,0.010652924236580485
2018-09-27,-0.0040348269271607284,-0.00370755146948476
2018-09-28,0.010447761194029903,0.0
2018-09-03,-0.03474713371316018,0.0
2018-09-04,0.012606572906798785,0.0
2018-09-05,-0.01957397812320083,0.0
2018-09-06,-0.009982384028185631,0.0
2018-09-07,0.004522538552787614,0.0
2019-01-10,-0.06295667576942943,0.0006676892995980399
2019-01-11,0.007167611846250699,-0.0008664160587964487
2019-01-14,-0.00883710017987005,0.0
2019-01-15,0.019646520435537163,0.01723769736842118
2019-01-16,7.738141298463397e-05,0.0
2019-01-17,-0.005571030640668551,-0.005497343715853864
2019-01-18,0.018207282913165423,0.01723351602811296
2019-01-02,-0.06205104692037289,0.0
2019-01-21,0.07194068763239381,-0.00019664988131640193
2019-01-22,-0.01322489929315196,0.0
2019-01-23,-0.0006932142031886857,0.0
2019-01-24,0.005703715122552744,0.0
2019-01-25,0.008123850398528365,0.0
2019-01-28,-0.0003040900106431321,0.0
2019-01-29,0.003193916349809811,0.006248742746615132
2019-01-03,-0.07117950272892648,0.0
2019-01-30,0.06806496368236337,-0.00640741496815711
2019-01-31,0.010468403759456013,0.0033473447141463275
2019-01-04,-0.05134603750756206,0.0
2019-01-07,0.005978477481068278,0.0
2019-01-08,-0.0022187004754357087,0.0
2019-01-09,0.010165184243964287,0.0034858291457284807
2019-10-10,0.27924528301886786,0.007082436836729711
2019-10-11,0.009587020648967659,0.012241983272137436
2019-10-14,0.01059167275383488,0.007204894222889502
2019-10-15,-0.004336826888326595,-0.0033212005618858953
2019-10-16,-0.0034482758620689724,-0.0035885959751537078
2019-10-17,0.0006070539670977038,0.0008297388444964415
2019-10-18,-0.014257113389552933,0.0
2019-10-21,0.002954209748892156,0.0
2019-10-22,0.0038659793814432852,0.0
2019-10-23,-0.006418485237483895,0.0
2019-10-24,-0.00012304663467455068,0.0
2019-10-25,0.0068299286241693125,0.0
2019-10-28,0.007578072480596498,0.0
2019-10-29,-0.00418511554558143,0.0
2019-10-30,-0.004872700694359855,0.0
2019-10-31,-0.0011629330395397375,0.0
2019-10-08,-0.012255652919909155,0.0048234734337826435
2019-10-09,0.0013648489360382765,0.002893787070727738
2019-11-01,0.028065175639675255,0.0
2019-11-11,-0.012655176569844495,0.0
2019-11-12,0.00018310546875,0.0
2019-11-13,-0.0009763837188014879,0.0
2019-11-14,0.0014660069635330508,0.0
2019-11-15,-0.007380298871607183,0.0
2019-11-18,0.007988202040063896,0.007318351477449303
2019-11-19,0.01005852231163118,0.010035421951666956
2019-11-20,-0.009958355965960508,-0.01019047474925161
2019-11-21,-0.004693977078761291,-0.005147694828795624
2019-11-22,-0.01016720769277879,-0.01034866140840851
2019-11-25,0.00723965101169477,0.0013696939131202512
2019-11-26,0.0035016586804275107,0.0
2019-11-27,-0.004162840526476863,0.0
2019-11-28,-0.0034425524067129842,0.0
2019-11-29,-0.008697797791622941,0.0
2019-11-04,0.03926571250777844,0.0
2019-11-05,0.006167295371534598,0.005376381145463904
2019-11-06,-0.004463223042132758,-0.004033055731385571
2019-11-07,0.0017335166477374653,0.0012654334798063438
2019-11-08,-0.0047141663683016866,0.007129844706122324
2019-12-10,-0.01960549193596739,0.0007771541144794281
2019-12-11,0.0007950097847357895,0.0015531012299476732
2019-12-12,-0.0029330889092576973,5.944322580053729e-05
2019-12-13,0.019917877060734224,0.0
2019-12-16,0.00474702559788498,0.0031102342158857432
2019-12-17,0.013575743077567148,0.015481380847806037
2019-12-18,-0.0022421524663677195,-0.003498935448889684
2019-12-19,-0.0013601419278532756,-0.0017556104922304971
2019-12-02,-0.046603896488423,0.0
2019-12-20,0.04627329192546581,-0.0004505784483608277
2019-12-23,-0.012466607301870103,0.0
2019-12-24,0.006492335437330965,0.0
2019-12-25,-0.0005972645284595401,0.0
2019-12-26,0.008785035558477317,0.0
2019-12-27,-0.0009478672985782088,0.0
2019-12-03,-0.041567836812144154,0.0
2019-12-30,0.058776217286394816,0.01671039283938347
2019-12-31,0.003622976684392043,0.005135467268341243
2019-12-04,-0.05927219796215433,0.0
2019-12-05,0.007674692083926571,0.005284125326370903
2019-12-06,0.004790860512253525,0.005973656383129633
2019-12-09,-0.0018338529249953828,-0.003356364707959303
2019-02-01,-0.17857799007900055,0.0
2019-02-11,0.01789308879445306,0.016334809731753053
2019-02-12,0.007177909616933986,0.007058745395779775
2019-02-13,0.019998545560322878,0.02041830462611105
2019-02-14,0.0014972194495936897,-0.001391244347173859
2019-02-15,-0.018722858973446277,0.0
2019-02-18,0.03192106790481719,0.0
2019-02-19,-0.001757592800900043,0.0
2019-02-20,0.0034509472498063243,0.0
2019-02-21,-0.002667040988208913,0.0
2019-02-22,0.022448979591836782,0.0
2019-02-25,0.05960492807488471,0.0
2019-02-26,-0.012081844754790683,0.0
2019-02-27,-0.0016437635610493384,0.0
2019-02-28,-0.0024367755532139768,0.0
2019-03-01,0.021852512048590622,0.0
2019-03-11,-0.006331567385967185,0.0
2019-03-12,0.006762028608582549,0.0
2019-03-13,-0.008202014983208383,0.0
2019-03-14,-0.006902389789672614,0.0
2019-03-15,0.012589338404039196,0.0
2019-03-18,0.028362364825487374,0.0
2019-03-19,-0.004596687866003424,0.0
2019-03-20,0.0003162955465587647,0.0008775114462697964
2019-03-21,0.00037943464238288094,0.0005381757381657248
2019-03-22,-0.0008217965737404853,-0.0004687140876874496
2019-03-25,-0.023725167657851487,0.0
2019-03-26,-0.011276002851402955,0.0
2019-03-27,0.011535688536409516,0.0
2019-03-28,-0.004017365385861504,0.0
2019-03-29,0.038579142541149025,0.0
2019-03-04,-0.019543973941368198,0.0
2019-03-05,0.0057500638895988665,0.008991027027027254
2019-03-06,0.008258162876381592,0.0069644098300178925
2019-03-07,-0.010395665322580627,-0.010906382063651354
2019-03-08,-0.03972751002737629,-0.02090264205892922
2019-04-01,0.08605715043426376,0.018735321576763386
2019-04-10,0.028203406385446605,0.0
2019-04-11,-0.02161135189693042,0.0
2019-04-12,-0.002305965167789359,0.0
2019-04-15,-0.003345295298339379,0.0
2019-04-16,0.027706578786769187,0.0
2019-04-17,0.00035629453681718104,0.0
2019-04-18,-0.0036803989077527355,0.0
2019-04-19,0.011856530028598655,0.01379230577067192
2019-04-02,-0.036094918447859614,-0.0017819669728202925
2019-04-22,0.013561392791692217,-0.024641402296864623
2019-04-23,-0.001627290260366343,-0.0017684758865533778
2019-04-24,0.0027165710836098977,0.0018270856025746074
2019-04-25,-0.021854304635761546,0.0
2019-04-26,-0.013356311934511034,0.0
2019-04-29,0.0028696194635058347,0.0
2019-04-03,0.031226673301816277,0.013261099782788222
2019-04-30,-0.027084087344673602,0.0
2019-04-04,0.038130076260152634,0.011325759705534288
2019-04-08,-0.0010152890587673546,0.008512127463458086
2019-04-09,0.004423985173671152,0.0
2019-05-10,-0.08481637997738223,0.031238610331676187
2019-05-13,-0.016584287200832493,-0.01817539220430986
2019-05-14,-0.006414919648171424,-0.005048687013211928
2019-05-15,0.022630457933972226,0.021424845841186535
2019-05-16,0.004425930747201212,-0.0015787338081254543
2019-05-17,-0.02540176257128035,0.0
2019-05-20,-0.008444148936170182,0.0
2019-05-21,0.013545228994836789,0.0
2019-05-22,-0.004697320542507488,0.0
2019-05-23,-0.01675086413187976,0.0
2019-05-24,0.003042184964845873,0.0
2019-05-27,0.012401428860281616,0.0
2019-05-28,0.009919446108781038,0.0
2019-05-29,-0.002175346077785023,0.003182863585118323
2019-05-30,-0.005615379533593146,-0.0005619093770539152
2019-05-31,-0.0025910178049428634,-0.005060027670480083
2019-05-06,0.011523346433091275,0.0
2019-05-07,0.009877518767285709,0.0047996112191057705
2019-05-08,-0.014280125195618165,-0.0127132109110083
2019-05-09,-0.018456042865647948,-0.014276582871336596
2019-06-10,0.007548187087208502,0.0
2019-06-11,0.03076923076923066,0.0
2019-06-12,-0.007397793640493089,0.0
2019-06-13,-0.0015036610878660372,0.0
2019-06-14,-0.007791527532246434,0.0
2019-06-17,-6.598917777478341e-05,0.0
2019-06-18,0.003563650762225201,0.0
2019-06-19,0.014861576905372598,0.0
2019-06-20,0.030195036609862003,0.02793313688722221
2019-06-21,0.001509528901188828,0.0018242114767710316
2019-06-24,0.001946869308547372,0.0015607626760461013
2019-06-25,-0.010279553716936118,-0.009869426449190088
2019-06-26,-0.001519949335022086,0.0002623106038746048
2019-06-27,0.011163262717239775,0.00032984775498978713
2019-06-28,-0.0015054572826496138,0.0
2019-06-03,-0.05584872471416025,0.002260338562551256
2019-06-04,-0.009182247654534459,-0.001044909515222403
2019-06-05,-0.00013430931435109983,0.0
2019-06-06,-0.008596950769024114,0.0
2019-07-01,0.10934218548878794,0.007872429054933683
2019-07-10,-0.03511450381679382,0.0
2019-07-11,0.0005063291139240089,0.0
2019-07-12,0.007844129554655854,0.0
2019-07-15,0.004017072558373025,0.006984197924980062
2019-07-16,-0.00443860965241305,-0.004226929471779717
2019-07-17,-0.0003767660910517501,-0.0015918270927697264
2019-07-18,-0.009045794333815027,-0.00637746018498464
2019-07-19,0.010776545166402585,0.0024751998634167105
2019-07-02,0.027281279397930236,0.0015498917917213806
2019-07-22,-0.03296703296703285,0.0
2019-07-23,0.0026515151515151825,0.0
2019-07-24,0.007933509633547331,0.0
2019-07-25,0.008245877061469287,0.00902207586933601
2019-07-26,0.0021065675340767864,0.0013053985697741854
2019-07-29,-0.0011747248670705979,-0.001564436071119113
2019-07-03,0.003342618384401197,-0.008253297837274909
2019-07-30,0.0008020235671541975,0.004439514204330086
2019-07-31,-0.008691899889039623,-0.0033175189596468257
2019-07-04,0.00279833343697522,-0.0020184966444211083
2019-07-05,0.005953119186407063,0.0
2019-07-08,-0.02293182098384916,0.0
2019-07-09,-0.0018927444794951676,0.0
2019-08-01,0.008027812895069486,0.0
2019-08-12,-0.026274534395184124,0.01574463070802956
2019-08-13,-0.009015971148892299,-0.008430139893004673
2019-08-14,0.004548999220171712,0.0035652757282773617
2019-08-15,0.0036874110492948198,0.0040991650328761065
2019-08-16,0.004511762810183617,0.004354592508391653
2019-08-19,0.021687520051331344,0.023575435350221774
2019-08-02,-0.013000062802235757,0.0
2019-08-20,0.012280478493255309,-0.004235850234949434
2019-08-21,-0.0015714375510716971,0.0
2019-08-22,0.0032107781415260384,0.0021938265832674997
2019-08-23,0.00715406338249136,0.0
2019-08-26,-0.01439342015078815,0.0
2019-08-27,0.013592110254140755,0.0
2019-08-28,-0.0038046529033867182,0.0
2019-08-29,-0.0032556974705734154,0.0
2019-08-30,0.002449748743718505,0.0
2019-08-05,-0.03402468826367566,0.0
2019-08-06,-0.010054488842760834,0.0
2019-08-07,-0.004128169844702212,0.0
2019-08-08,0.01342281879194629,0.00781265193370162
2019-08-09,-0.009674068302817806,-0.007674845731489355
2019-09-10,0.09067068773356057,0.0
2019-09-11,-0.007393604231786477,0.0
2019-09-12,0.01071882759038334,0.0
2019-09-16,-0.0037747153984422077,0.0
2019-09-17,-0.016659649966921264,0.0
2019-09-18,0.004831804281345553,0.0
2019-09-19,0.003591210664069644,0.0
2019-09-02,-0.019771955361475024,0.0
2019-09-20,0.02307882687786167,0.0
2019-09-23,-0.011490777139401165,0.0
2019-09-24,0.0026919547262158616,5.9927234927092954e-05
2019-09-25,-0.007749100006101628,-0.006756351867271082
2019-09-26,-0.007686631410650735,0.003462062179084624
2019-09-27,0.002974530581892676,0.0
2019-09-03,0.0,0.0
2019-09-30,-0.009947482236638883,0.0
2019-09-04,0.019096355466799775,0.011769094693028004
2019-09-05,0.01004286589099812,0.00925630619284945
2019-09-06,0.005880926397477948,0.006623798124568481
2019-09-09,0.006208185160629265,0.006634220484281306
2020-01-10,0.04546543668383851,0.0
2020-01-13,0.009568555549189117,0.0
2020-01-14,-0.0034052213393870323,0.0
2020-01-15,-0.005523917995444161,0.0
2020-01-16,-0.004237530779362175,0.0
2020-01-17,0.0013801828742310285,0.0
2020-01-02,-0.0002871417906162854,0.01265142416595233
2020-01-20,0.007582720588235281,0.0
2020-01-21,-0.01704675028506275,0.0
2020-01-22,0.004234093150049301,0.0
2020-01-23,-0.03107312001848217,0.0
2020-01-03,0.03594420600858372,-0.0024025702504333335
2020-01-06,-0.003855227573508202,-0.0038533703937652097
2020-01-07,0.007509242144177364,0.002462157861841119
2020-01-08,-0.01146657493406722,0.0
2020-01-09,0.012585546920310886,0.0
2020-10-12,0.17515321610630608,0.031103084526978186
2020-10-13,0.0033630647755522602,0.003305738543105674
2020-10-14,-0.006606431555426173,-0.004942269962353585
2020-10-15,-0.0017114914425426786,-0.0022764579357550385
2020-10-16,-0.0015184913054125948,-0.0008214362119999263
2020-10-19,-0.007604003139717541,0.0
2020-10-20,0.007909436946957449,0.0
2020-10-21,-0.00019618421697975563,0.0
2020-10-22,-0.003090507726269287,0.0
2020-10-23,-0.012203523275268191,0.0
2020-10-26,-0.005878250473248969,0.0
2020-10-27,0.0018540789737422347,0.0
2020-10-28,0.008102835992597202,0.0
2020-10-29,0.007591168444554874,0.018194482758620678
2020-10-30,-0.016348237147922107,-0.018472676632963037
2020-10-09,-0.0032038446135361776,0.0036493906350223426
2020-11-10,0.058356769787063056,0.002195835680625091
2020-11-11,-0.00982253013191614,0.0
2020-11-12,0.0009105285858053147,0.0
2020-11-13,-0.01062912956047124,0.0
2020-11-16,0.00967866821525365,0.0
2020-11-17,-0.001965107361963092,0.0
2020-11-18,-0.0006723334774046963,0.0
2020-11-19,0.0075448123408139445,0.0
2020-11-02,-0.04206811027377666,0.005855216472999025
2020-11-20,0.047102170882294514,0.0026294200848657745
2020-11-23,0.012505943889681292,0.011487273411012744
2020-11-24,-0.006152256610153617,-0.006375755551938145
2020-11-25,-0.012711463944806711,-0.012231770801479747
2020-11-26,0.0016752022208395,-0.0006053983211170566
2020-11-27,0.012566896024464924,0.0
2020-11-03,-0.0408664055495257,0.002713604065612163
2020-11-30,0.03852398523985223,0.0
2020-11-04,-0.029893879097972254,0.0
2020-11-05,0.014894759974605654,0.005737727737973319
2020-11-06,9.623712828399356e-05,0.0002035404311084843
2020-11-09,0.019582371054657433,0.019535905039872903
2020-12-01,0.017365862866311144,0.02226754679802956
2020-12-10,-0.024398163180110344,0.0
2020-12-11,-0.010697475395806566,0.0
2020-12-14,0.009131103421760933,0.0
2020-12-15,0.0020954376607296155,0.0
2020-12-16,0.0017583879859328633,0.00040520371117369614
2020-12-17,0.012856397362303706,0.014112877617762365
2020-12-18,-0.0035597189695548703,-0.005765397238851944
2020-12-02,0.013537651593494404,-0.002120274375840503
2020-12-21,-0.0041276319450886945,0.008798224518292264
2020-12-22,-0.01615982862199039,-0.015064393343996119
2020-12-23,0.00837830161885833,0.008251142229768638
2020-12-24,-0.0014551941041167638,-0.00019991980054323566
2020-12-25,0.008414817600601587,0.0
2020-12-28,0.004382080089506468,0.0
2020-12-29,-0.00413088883731727,0.0
2020-12-03,0.0030294556301266873,-0.00038632354388168366
2020-12-30,0.010919566934622038,0.0
2020-12-31,0.019121161978304713,0.0
2020-12-04,-0.027647483312285837,0.0021256006609302602
2020-12-07,-0.008488334338327408,-0.008291541713454476
2020-12-08,-0.0024326347305388962,-0.0001956053809600844
2020-12-09,-0.013365222284749678,0.0
2020-02-10,-0.2204952706877703,0.0033737876423869384
2020-02-11,0.00932926829268288,0.01086327891003025
2020-02-12,0.007974385307799148,0.006908487614361025
2020-02-13,-0.006233143542103803,-0.005082287313899259
2020-02-14,0.007116579217176344,0.006640723573240637
2020-02-17,0.022396550691658135,0.021820565934138392
2020-02-18,-0.004920049200491938,-0.0062077315558363155
2020-02-19,-0.0015304020248396721,0.0002498603280767231
2020-02-20,0.02299121617638389,0.0035470304523637086
2020-02-21,0.0012101653892697684,0.0
2020-02-24,-0.004144123402785804,0.0
2020-02-25,-0.002254074673448181,0.0
2020-02-26,-0.012280600127440144,0.0
2020-02-27,0.0029323793325903846,0.0
2020-02-28,-0.03543652417987253,0.0
2020-02-03,-0.06353440436495905,0.0
2020-02-04,0.02647763319738461,0.0
2020-02-05,0.01122603430877911,0.0
2020-02-06,0.018647873269302728,0.0
2020-02-07,0.0,0.004231430805316849
2020-03-10,0.04634788465070727,0.0003049672215593713
2020-03-11,-0.013341135166764273,0.0
2020-03-12,-0.019333412406594697,0.0
2020-03-13,-0.014090469279148476,0.0
2020-03-16,-0.042936882782310004,0.0
2020-03-17,-0.004934948407357531,0.0
2020-03-18,-0.019708875434754525,0.0
2020-03-19,-0.013074901445466525,0.0
2020-03-02,0.13421210305572195,0.0
2020-03-20,-0.10260022304396321,0.0
2020-03-23,-0.03342272221858844,0.0
2020-03-24,0.026728921369603587,0.0
2020-03-25,0.02675805707506762,0.0
2020-03-26,-0.006547275178124368,0.0
2020-03-27,0.0032952122504361636,0.0
2020-03-03,0.10297527047913446,0.0
2020-03-30,-0.10223623518421199,0.0017351575456052704
2020-03-31,0.0033168574401665207,0.0008277511177536834
2020-03-04,0.11661372917611978,0.008939886391702068
2020-03-05,0.022233832578660184,0.023499475276299586
2020-03-06,-0.016184905446078646,-0.01865494230648157
2020-03-09,-0.03422996998383743,-0.03143889536297251
2020-04-01,-0.08074831151754225,0.001102755350031126
2020-04-10,0.025487646293888,-0.003214333527496782
2020-04-13,-0.004121227491757473,-0.0056432228736055245
2020-04-14,0.01909976443623873,0.004393670118497672
2020-04-15,-0.007309302180296129,0.0
2020-04-16,0.001321585903083733,0.003815792291220532
2020-04-17,0.009553139337565186,0.00879939976361066
2020-04-02,-0.027267633692336424,0.01349387259768453
2020-04-20,0.03161600000000009,0.004229161559733852
2020-04-21,-0.011787331720330085,-0.010265168246897272
2020-04-22,0.008349551133153499,0.008775998696684661
2020-04-23,-0.002490349894160082,-0.0018453804249111139
2020-04-24,-0.008425914367744425,-0.008187508091767048
2020-04-27,0.006860955498205978,0.00033323961579379
2020-04-28,0.0068142035508877985,0.0
2020-04-29,0.004594846321018142,0.0
2020-04-03,-0.039619259533963724,-0.0067929654658134275
2020-04-30,0.05361050328227557,0.010691470054446706
2020-04-07,-0.02932013927066157,0.022433315465106185
2020-04-08,-0.004656723931785178,-0.004013616541965304
2020-04-09,0.003414048176012985,0.0029551797557936244
2020-05-11,0.044987713439606836,0.0
2020-05-12,6.029544769359241e-05,0.0
2020-05-13,0.0019896298082719976,0.0
2020-05-14,-0.010770804500872533,0.0
2020-05-15,-0.0030413625304135383,0.0
2020-05-18,0.0027455765710799884,0.0
2020-05-19,0.008457560085184168,0.0
2020-05-20,-0.00518885000603353,0.0
2020-05-21,-0.005397865114022404,0.0
2020-05-22,-0.022684310018903586,0.0
2020-05-25,0.0013726835964309458,0.0
2020-05-26,0.011464888778117022,0.0
2020-05-27,-0.007022731472925425,0.0
2020-05-28,0.003039890812085,0.0005896315789473139
2020-05-29,0.003401781296388018,0.004208045119501458
2020-05-06,0.015040374776551735,0.0025652621941660847
2020-05-07,-0.0027934657193174894,-0.0017910889232151117
2020-05-08,0.01090067596370492,0.004415112437414104
2020-06-01,0.003554216867469817,0.026190072988066637
2020-06-10,0.019208836064589674,0.0
2020-06-11,-0.00989457565227625,0.0
2020-06-12,0.0006543334721311744,0.0
2020-06-15,-0.011770300796575817,0.0
2020-06-16,0.015038498556304125,0.0
2020-06-17,0.0008889415669077749,0.0
2020-06-18,0.007164426549825409,0.009551950000000087
2020-06-19,0.013932980599647093,0.012629364937584597
2020-06-02,-0.030672000927697507,0.0028073824767169686
2020-06-22,0.03271922478765399,0.0009781845764842423
2020-06-23,0.004807413843034958,-0.002152199553611567
2020-06-24,0.005706709707170798,0.0
2020-06-29,-0.00710723906688826,0.0
2020-06-03,-0.034636033019684875,-0.0002545021040452067
2020-06-30,0.05046941338276634,0.0
2020-06-04,-0.048272328798315,0.0005091337837097587
2020-06-05,0.0050242239368383235,0.005852059031703938
2020-06-08,0.0049991073022674914,0.004099522806681799
2020-06-09,0.006336234973648436,0.0
2020-07-01,0.05448981993644808,0.0
2020-07-10,0.12198660714285725,0.0
2020-07-13,0.02143638714811491,0.020754200373366505
2020-07-14,-0.009056824268393715,-0.008534753516318383
2020-07-15,-0.011498206476340256,-0.011682587779275222
2020-07-16,-0.046975195108614476,0.0010481835963747077
2020-07-17,0.006624243688712728,0.0
2020-07-02,-0.05197160474635998,0.0
2020-07-20,0.08592041976388276,0.0
2020-07-21,0.0022649486611636682,0.0
2020-07-22,0.0051725003766383,0.01248752642706119
2020-07-23,0.00019984012789775463,-0.005429033552680318
2020-07-24,-0.04390609390609379,-0.04387929959400094
2020-07-27,0.004963168068544022,0.005949716143771155
2020-07-28,0.008681638594302266,0.0
2020-07-29,0.02442921197752934,0.0
2020-07-03,-0.06172963726920566,0.01571588997499429
2020-07-30,0.06069705093833777,0.0
2020-07-31,0.008239813972298116,0.00812077645051179
2020-07-06,-0.011531712208573519,0.07228968189899043
2020-07-07,0.006137458787724981,0.007315261592964584
2020-07-08,0.016182698124621808,0.0
2020-07-09,0.014039787666815684,0.0
2020-08-10,-0.017906066536203524,-0.006946575058095372
2020-08-11,-0.009016638437780222,0.0
2020-08-12,-0.007339265068114442,0.0
2020-08-13,-0.002481389578163684,0.0
2020-08-14,0.015382272311909917,0.0
2020-08-17,0.023498825058746897,0.0
2020-08-18,-0.00048849592105904,0.0
2020-08-19,-0.014808660378280658,0.0
2020-08-20,-0.012898104970731183,0.0
2020-08-21,0.008543572218313367,0.0
2020-08-24,0.007923061590591862,0.0
2020-08-25,0.0012359717209668997,0.0
2020-08-26,-0.011702547896503934,0.0
2020-08-27,0.005395953035223666,0.0
2020-08-28,0.02385330219152193,0.0
2020-08-03,-0.016356841236712882,0.015657829204483775
2020-08-31,0.010806276522254077,0.0
2020-08-04,-0.009714425189162879,0.0008333211460116452
2020-08-05,0.0002464754017550419,0.00041631365003769183
2020-08-06,-0.003104824799172068,-0.003745263645961616
2020-08-07,-0.0111726319952542,-0.009816063264903585
2020-09-01,0.02944705529447056,0.008265772089182333
2020-09-10,-0.05361565732601614,0.0
2020-09-11,0.009750089803458595,0.0
2020-09-14,0.0050312547644457695,0.0008752526338422495
2020-09-15,0.008090614886731462,0.007303863133510058
2020-09-16,-0.006169743178170095,-0.005971332315988898
2020-09-17,-0.005097663150456788,-0.006007203323322274
2020-09-18,0.022473620129870087,0.025684908592374933
2020-09-02,0.022029273133217453,-0.000818994212045232
2020-09-21,-0.030923831253944267,-0.011363467059455568
2020-09-22,-0.011872557859933908,-0.011919786308882352
2020-09-23,0.003548795944233296,0.0006616874520743998
2020-09-24,-0.019146249052791164,0.0
2020-09-25,0.0015451174289247138,0.0
2020-09-28,0.002519798416126706,0.0
2020-09-29,0.0022569889715311486,0.0
2020-09-03,0.048313629151952364,-0.004098327566781412
2020-09-30,-0.047209881365034345,0.0
2020-09-04,0.03940356630457065,-0.015215802571477033
2020-09-07,-0.021050036973132902,0.0
2020-09-08,0.005287541544969354,0.0
2020-09-09,-0.023293092220608158,0.0
2021-01-11,0.1868909631757103,0.0
2021-01-12,0.02830351741422521,0.0
2021-01-13,-0.0031936798756145857,0.0
2021-01-14,-0.01909700265587455,0.0
2021-01-15,-0.0023637613890321596,0.0
2021-01-18,0.011028303106018322,0.0
2021-01-19,-0.014742852273211593,0.0
2021-01-20,0.007135752281278496,0.0
2021-01-21,0.016188594984541282,0.0
2021-01-22,0.0008028734417917516,0.0
2021-01-25,0.00996453301807132,0.011700799147575935
2021-01-26,-0.01994147157190629,-0.02106413481383307
2021-01-27,0.002602056050846624,0.0017931149835699323
2021-01-28,-0.027144315861130086,-0.011113881089276356
2021-01-29,-0.004854368932038833,0.0
2021-01-04,-0.015117556580971359,0.009870402735562278
2021-01-05,0.018919280710365527,0.01843505981179905
2021-01-06,0.009065031749507124,0.009050680077336226
2021-01-07,0.01757659925353705,0.0010830030574280336
2021-01-08,-0.0031560540794132175,0.0
2021-02-01,0.05101063101701886,0.0
2021-02-10,0.0720642500542652,0.017196280351300164
2021-02-18,-0.006964972666531621,-0.007279672911768231
2021-02-19,0.0017942339844227995,0.0054571573244566185
2021-02-02,-0.04803191272845697,0.012732835549080335
2021-02-22,0.01765938341813844,-0.0020619557578278602
2021-02-23,-0.003235294117647003,0.0
2021-02-24,-0.02546052354255368,0.0
2021-02-25,0.0059258618452355805,0.0
2021-02-26,-0.02416580667354662,0.0
2021-02-03,0.027716577068828796,-0.001078958934103591
2021-02-04,-0.001929425888607894,-0.0019802279638432285
2021-02-05,0.001718360683907516,0.001443023306991087
2021-02-08,0.014623895702890577,0.006645633687541341
2021-02-09,0.021852149287797662,0.0
2021-03-01,-0.047112839179351496,0.0
2021-03-10,-0.07635542822416108,0.0
2021-03-11,0.024626374659272532,0.020275921232209004
2021-03-12,0.003531786074671972,0.002484236943309348
2021-03-15,-0.021527492115727354,-0.019443403226903522
2021-03-16,0.008735052316890757,0.006415247043776384
2021-03-17,0.0042139384116695044,-0.002899712945455213
2021-03-18,0.007931384303237143,0.0
2021-03-19,-0.026260408088571663,0.0
2021-03-02,0.06850216124788577,0.0
2021-03-22,-0.05465658253451755,0.0
2021-03-23,-0.009395785850504712,0.0
2021-03-24,-0.01587077992205488,0.0
2021-03-25,-0.0004294098000857671,0.0
2021-03-26,0.022577565632458274,0.0
2021-03-29,0.0016804369135976494,0.0
2021-03-03,0.08005964863227533,0.0
2021-03-30,-0.06545281960564353,0.009041085118930647
2021-03-31,-0.00904893813481078,-0.007208271511040754
2021-03-04,0.0460305628028328,0.0
2021-03-05,-0.003206841261357618,0.0
2021-03-08,-0.034763181411974875,0.0
2021-03-09,-0.021340616609573204,0.0
2021-04-01,0.027907856771202777,0.012166424123114972
2021-04-12,-0.0317978924117619,0.0
2021-04-13,-0.0016634980988594616,0.0
2021-04-14,0.008236134253749139,0.0
2021-04-15,-0.006327320804608516,0.0
2021-04-16,0.0035164417411139848,0.0006061253274232126
2021-04-19,0.024244720143952847,0.025372491330159397
2021-04-02,0.014609338881183653,0.009499820860520813
2021-04-20,-0.015036908776086766,-0.0015710893788427605
2021-04-21,0.002960769800148144,0.002360342377103253
2021-04-22,-0.0011531365313652842,-0.0007849280933259761
2021-04-23,0.009328099746017005,0.010015694790121987
2021-04-26,-0.011209223589696782,0.0019385152837205766
2021-04-27,0.002591153063113083,0.0
2021-04-28,0.005584271737123947,0.0
2021-04-29,0.008903575198494718,0.0
2021-04-30,-0.007869717508984242,0.0
2021-04-06,0.0020632737276480295,-0.005377384870189794
2021-04-07,-0.00718371082132252,-0.006758071841006963
2021-04-08,0.0017513134851139256,-0.0035023771421105465
2021-04-09,-0.014952153110047939,0.0
2021-05-10,-0.007472794358040047,0.0
2021-05-11,0.0061644157921978415,0.0
2021-05-12,0.004349452810775478,0.00810862341772145
2021-05-13,-0.010197904540163005,-0.01079066710101384
2021-05-14,0.023663906661648415,0.02499009717815781
2021-05-17,0.014614642217013696,0.011803411967792776
2021-05-18,0.00040766408479409044,0.00038248251500316854
2021-05-19,-0.002761930634791243,-0.0026763539464330632
2021-05-20,0.0028149829738932652,0.002683536038700529
2021-05-21,-0.010005885815185356,0.0011394768095076557
2021-05-24,0.004115979145705717,0.0
2021-05-25,0.03165421752596087,0.0
2021-05-26,0.00030903712860363974,0.0
2021-05-27,0.003265954629711354,0.0048505704133159355
2021-05-28,-0.003079359493225464,-0.0027917697139888675
2021-05-31,0.0020298296708145536,0.0011198342048130971
2021-05-06,-0.05125946802888848,0.0
2021-05-07,-0.01281099145933906,0.0
2021-06-01,0.0698232085762649,-0.0011309978344261618
2021-06-10,-0.011471014811233693,0.0
2021-06-11,-0.008091765961230735,0.0
2021-06-15,-0.01120573733751673,0.0
2021-06-16,-0.016273798730734312,0.0
2021-06-17,0.00470024422837656,0.0
2021-06-18,0.0005503829748201294,0.0
2021-06-02,0.03332569333027724,0.0
2021-06-21,-0.03464643776062459,0.0019492869701114302
2021-06-22,0.006249712788934492,0.0050692356200991995
2021-06-23,0.005160524272731282,0.006013604247109949
2021-06-24,0.0019082235347569476,0.002506759380255019
2021-06-25,0.017005260293850855,0.015579983944538078
2021-06-28,0.0021402773442724676,0.0017045524277143898
2021-06-29,-0.010989988876529577,-0.01020991123730064
2021-06-03,0.007648011517005449,0.0
2021-06-30,-0.0007589963389587062,0.0059217054267122204
2021-06-04,0.0062553058397747385,0.0
2021-06-07,-0.0006216420230006348,0.0
2021-06-08,-0.00861954058737291,0.0
2021-06-09,0.0011204230717518637,0.0
2021-07-01,0.0028203062046736616,0.0030280033051406363
2021-07-12,-0.015892147671978996,0.0
2021-07-13,0.002993876162395104,0.0
2021-07-14,-0.011487494912034713,0.0
2021-07-15,0.013542572173674161,0.01439865565584797
2021-07-16,-0.010246919153162115,-0.009655481441426361
2021-07-19,0.003557420414120216,0.004205717872262982
2021-07-02,-0.01058898382112361,0.0
2021-07-20,0.00992145514675502,-0.0024747886616148795
2021-07-21,0.007231545913494175,0.007442785305529442
2021-07-22,0.0016255757247358726,0.0009471537820475717
2021-07-23,-0.011991704986024532,-0.009841078318745589
2021-07-26,-0.03221390764738097,-0.03344817972903458
2021-07-27,-0.03479490806223473,-0.0007901563579388871
2021-07-28,0.0018073466197732202,0.0
2021-07-29,0.018869764493636865,0.0
2021-07-30,-0.007704823889739587,0.0
2021-07-05,0.05083192669399561,0.0
2021-07-06,0.0002294735875898457,0.0
2021-07-07,0.01165458383041229,0.0
2021-07-08,-0.009842162554426714,0.0
2021-07-09,-0.002794191745682739,0.0
2021-08-10,-0.0016536518144235623,0.010995309285318777
2021-08-11,-0.0054752921689518175,-0.005151660299977712
2021-08-12,-0.00837381448068475,-0.006137288693150333
2021-08-13,-0.005365307455444723,-0.0027029182084051806
2021-08-16,-0.0007505042450395294,0.0
2021-08-17,-0.020889076655870142,0.0
2021-08-18,0.011650206155911613,0.0
2021-08-19,-0.006445192170987268,0.0
2021-08-02,0.01421416646792295,0.027243901462046916
2021-08-20,-0.032450736020317006,0.0
2021-08-23,0.014873863802070453,0.0
2021-08-24,0.010824273193160705,0.009283437563041952
2021-08-25,0.002037431888177954,0.0027983109395168793
2021-08-26,-0.019529033478343005,-0.01694233506836129
2021-08-27,0.005256812153363821,0.0026358379065121174
2021-08-03,0.020197658798695173,0.0003899373698195152
2021-08-30,-0.02290148130731262,0.0022280606460887142
2021-08-31,-0.001395706997786128,0.0
2021-08-04,0.03397754108631745,0.008575278314555401
2021-08-05,-0.005966253379323216,-0.005797069187324921
2021-08-06,-0.0053455875457188995,-0.003109797947098092
2021-08-09,0.012964359796341585,0.01072327767003367
2021-09-01,-0.021454833154930908,0.0
2021-09-02,0.002384017546369188,0.0
2021-09-03,0.0016285864827321195,0.0
2021-09-06,0.0137051489483202,0.0
2021-09-07,0.012017650924796008,0.0
2021-09-08,-0.004174784302811152,0.0
2021-09-09,-0.0005123905347492741,0.0019821102737009877
